id_persona,area,sexo,edad,jefe_hogar,estado_civil,etnia,educacion,exp_potencial,salario,contrato,cotiza_pension,exp_cotiza
718591311,05,1,59,1,3,6,3,44,1e+06,2,1,15
718591313,05,1,30,3,6,6,9,10,9e+05,2,2,
718591511,05,1,70,1,3,6,10,48,1500000,1,2,
718591611,05,2,52,1,4,6,8,32,2e+06,1,1,28
718591912,05,1,55,3,6,6,5,38,1e+06,2,1,20
718591915,05,2,41,3,6,6,10,19,1e+06,2,1,7
718592011,05,1,39,1,6,6,12,17,,1,1,5
718592111,05,1,55,1,5,6,5,38,1e+06,1,1,35
718592115,05,1,28,3,6,6,9,8,1e+06,1,1,5
718592212,05,2,51,3,6,6,10,29,2e+06,1,1,33
718592412,05,1,43,3,4,6,5,26,1200000,1,2,
718592611,05,1,62,1,3,6,5,45,630000,2,3,
718592711,05,1,57,1,3,6,5,40,5e+05,2,2,
718592812,05,1,58,6,4,6,5,41,1600000,1,1,38
718592911,05,2,40,1,6,6,4,25,150000,1,2,
718593012,05,1,65,6,6,6,3,50,2e+05,2,2,
718593111,05,1,34,1,1,6,5,17,1e+06,2,2,
718593112,05,2,28,2,1,6,5,11,0,2,2,
718593211,05,1,56,1,2,6,4,41,1e+06,2,2,
718593213,05,2,17,3,6,6,5,0,30000,2,2,
718593411,05,1,53,1,3,6,5,36,8e+05,2,2,
718593413,05,1,32,3,6,6,8,12,1520000,1,1,7
718593414,05,2,24,3,6,6,9,4,1e+06,1,1,4
718593511,05,1,68,1,3,6,5,51,140000,2,3,
718593512,05,2,40,2,3,6,3,25,480000,2,2,
718593612,05,1,25,3,6,6,5,8,1e+06,1,1,2
718593711,05,1,43,1,3,6,5,26,1e+06,1,1,21
718593811,05,2,66,1,3,6,4,51,4e+05,2,2,
718593911,05,1,39,1,2,6,5,22,1090000,1,1,7
718594011,05,2,31,1,4,6,10,9,1200000,1,1,6
718594111,05,1,35,1,3,6,5,18,1e+06,1,1,13
718594112,05,2,37,2,3,6,5,20,1e+06,1,1,14
718594311,05,1,47,1,3,6,10,25,3178000,1,1,21
718594512,05,1,29,3,6,6,5,12,1e+06,1,1,5
718594611,05,1,27,1,2,6,5,10,1e+06,2,2,
718594612,05,2,25,2,2,6,10,3,1e+06,2,2,
718594712,05,2,24,3,6,6,5,7,1050000,1,1,4
718594911,05,1,45,1,6,6,3,30,1800000,1,2,
718595111,05,2,51,1,4,6,3,36,470000,2,2,
718595114,05,1,25,13,6,6,5,8,510000,2,2,
718595411,05,1,51,1,3,6,4,36,1700000,1,1,24
718595412,05,2,49,2,3,6,8,29,1500000,1,1,25
718595413,05,1,28,3,6,6,9,8,1648000,1,1,8
718595511,05,2,73,1,5,6,3,58,2e+05,2,2,
718595512,05,1,38,3,6,6,5,21,1e+06,1,1,12
718595513,05,1,40,3,2,6,4,25,4e+05,2,2,
718595514,05,2,36,7,2,6,3,21,1e+05,2,2,
718595521,05,2,48,1,4,6,3,33,8e+05,2,2,
718595611,05,1,38,1,6,6,8,18,1420000,1,1,16
718595711,05,2,74,1,6,6,8,54,0,2,2,
718595712,05,2,73,6,6,6,9,53,1.5e+07,2,1,15
718595713,05,2,61,10,5,6,3,46,1800000,1,3,
718595811,05,2,27,1,6,5,5,10,4e+05,2,2,
718596011,05,1,35,1,3,6,3,20,1100000,2,1,12
718596015,05,2,51,5,4,6,3,36,5e+05,2,2,
718596211,05,1,26,1,6,6,10,4,2700000,1,1,1
718596311,05,1,61,1,3,6,3,46,1e+06,1,2,
718596313,05,1,34,3,6,6,4,19,6e+05,1,2,
718596315,05,2,26,3,6,6,5,9,1e+06,1,1,3
718596411,05,1,34,1,2,6,13,12,3e+06,1,1,8
718596412,05,2,35,2,2,6,13,13,8e+05,1,1,7
718596511,05,1,38,1,6,6,10,16,3.5e+07,2,2,
718596513,05,1,35,13,6,6,10,13,4e+06,2,2,
718596514,05,2,63,10,5,6,10,41,2700000,1,3,
718596711,05,2,32,1,2,6,5,15,450000,2,2,
718596712,05,1,42,2,2,6,3,27,450000,2,2,
718596719,05,1,46,9,3,6,5,29,1200000,1,1,15
718596811,05,1,44,1,3,6,5,27,1e+06,1,1,20
718596812,05,2,42,2,3,6,9,22,1800000,1,1,5
718596911,05,1,58,1,3,6,10,36,3500000,1,1,39
718596912,05,2,57,2,3,6,4,42,1200000,1,1,15
718597211,05,1,44,1,3,6,5,27,1e+06,1,1,20
718597611,05,1,62,1,3,6,11,40,1.2e+07,1,1,34
718597612,05,2,61,2,3,6,11,39,1e+07,1,3,
718597613,05,2,43,10,6,6,3,28,2400000,1,1,22
718597713,05,2,37,10,6,6,3,22,2500000,1,1,5
718597714,05,2,43,10,4,6,5,26,2500000,1,1,0
718597811,05,2,34,1,3,6,10,12,1e+06,2,2,
718598011,05,1,37,1,2,6,10,15,1e+06,1,1,4
718598012,05,1,29,2,2,6,9,9,1400000,1,1,4
718598111,05,1,61,1,3,6,10,39,4e+06,1,1,28
718598211,05,2,23,1,6,6,8,3,1e+06,1,1,3
718598212,05,2,24,13,6,6,10,2,1e+06,1,1,5
718598412,05,2,42,3,6,6,10,20,3e+06,2,1,84
718598413,05,2,35,3,6,6,9,15,1500000,1,1,4
718598414,05,2,34,3,6,6,10,12,8e+05,2,2,
718598415,05,2,32,3,6,6,10,10,1e+06,1,1,4
718598416,05,2,30,3,6,6,8,10,1e+06,1,2,
718598417,05,1,24,3,6,6,5,7,1e+06,1,2,
718598418,05,2,33,9,6,6,5,16,1e+06,1,2,
718598611,05,2,48,1,4,6,10,26,1666000,2,1,18
718598711,05,1,58,1,3,6,5,41,3e+06,2,3,
718598712,05,2,58,2,3,6,10,36,1e+06,2,2,
718598911,05,1,61,1,3,6,5,44,1500000,2,2,
718598913,05,1,38,3,6,6,10,16,,2,2,
718598914,05,1,35,3,6,6,6,18,1e+06,1,1,1
718599111,05,2,47,1,3,6,5,30,1e+06,1,1,15
718599112,05,1,53,2,3,6,5,36,1e+06,1,1,13
718599113,05,2,27,3,6,6,9,7,1e+06,1,1,0
718599412,05,1,62,3,6,6,4,47,6e+05,2,2,
718599611,05,2,38,1,6,6,5,21,350000,2,2,
718599811,05,2,20,1,6,6,5,3,1100000,1,1,3
718599911,05,1,43,1,2,6,3,28,1400000,1,1,20
718600011,05,1,27,1,2,6,5,10,1e+06,1,1,7
718600211,05,1,32,1,2,6,10,10,3700000,1,1,9
718600212,05,2,28,2,2,6,5,11,4e+06,2,2,
718600311,05,1,40,1,6,6,12,18,6e+06,1,1,15
718600312,05,1,25,13,6,6,10,3,1e+06,2,1,2
718600411,05,1,55,1,3,6,5,38,1500000,1,1,30
718600412,05,2,52,2,3,6,5,35,5e+05,1,2,
718600612,05,2,74,2,3,6,4,59,2e+05,1,2,
718600613,05,2,42,3,6,6,5,25,1100000,1,1,15
718600712,05,1,42,3,6,6,4,27,250000,2,2,
718601011,05,1,53,1,3,6,10,31,2e+06,2,1,20
718601012,05,2,34,2,3,6,9,14,3230000,1,1,13
718601111,05,2,68,1,5,6,5,51,,2,2,
718601112,05,2,38,3,2,6,8,18,1700000,2,2,
718601113,05,1,45,7,2,6,9,25,1200000,2,2,
718601114,05,2,20,8,6,6,10,-2,1200000,2,2,
718601212,05,1,33,3,4,6,5,16,1200000,2,2,
718601311,05,1,48,1,2,6,13,26,4500000,1,1,16
718601411,05,1,38,1,6,6,11,16,1900000,1,1,13
718601511,05,2,31,1,6,6,11,9,3500000,1,1,5
718601513,05,1,24,13,6,1,10,2,2e+06,1,1,4
718601613,05,2,26,8,6,6,10,4,2e+06,1,1,3
718601811,05,1,51,1,4,6,8,31,4e+06,1,1,30
718601911,05,1,36,1,2,6,4,21,1e+06,1,2,
718601912,05,2,33,2,2,6,4,18,350000,2,2,
718601913,05,2,18,3,6,6,5,1,6e+05,1,2,
718602111,05,1,33,1,2,6,5,16,2e+06,1,1,7
718602312,05,1,60,3,4,6,5,43,1800000,1,1,20
718602313,05,1,34,8,4,6,9,14,1500000,1,1,9
718602411,05,1,61,1,2,6,5,44,1e+06,2,1,35
718602412,05,2,62,2,2,6,3,47,15000,2,2,
718602511,05,1,48,1,3,6,3,33,1800000,2,1,24
718602512,05,2,51,2,3,6,3,36,350000,2,2,
718602713,05,1,26,9,6,6,5,9,25000,2,2,
718602811,05,1,61,1,3,6,3,46,1200000,1,1,22
718602812,05,2,57,2,3,6,4,42,8e+05,2,2,
718603011,05,1,59,1,4,6,4,44,1500000,2,2,
718603211,05,1,37,1,3,6,10,15,2100000,1,1,19
718603212,05,2,39,2,3,6,8,19,1e+06,1,1,8
718603213,05,1,20,3,6,6,5,3,1e+06,1,1,0
718603311,05,1,43,1,2,6,1,28,7200000,2,2,
718603312,05,2,39,2,2,6,5,22,,2,2,
718603413,05,1,31,7,2,6,11,9,3800000,1,1,7
718603511,05,2,56,1,5,6,3,41,5e+05,2,2,
718603612,05,1,21,3,6,6,5,4,6e+05,1,2,
718603813,05,1,26,3,6,6,5,9,1e+06,2,2,
718603911,05,1,59,1,6,6,9,39,,2,2,
718604012,05,2,28,2,2,6,10,6,3500000,1,1,5
718604211,05,1,46,1,3,6,8,26,2e+06,1,1,19
718604212,05,2,36,2,3,6,8,16,1600000,1,1,10
718604311,05,2,46,1,6,6,8,26,8e+05,2,2,
718604312,05,2,22,3,6,6,10,0,2500000,1,1,2
718604411,05,1,53,1,3,6,10,31,7e+06,2,1,20
718604412,05,2,37,2,3,6,4,22,1e+06,1,2,
718604511,05,1,34,1,3,6,5,17,3e+06,2,2,
718604512,05,2,33,2,3,6,5,16,1400000,1,1,16
718604611,05,2,36,1,3,6,10,14,4e+06,1,1,13
718604612,05,1,39,2,3,6,8,19,1900000,1,1,20
718604614,05,1,67,4,4,6,11,45,6e+06,2,3,
718604711,05,1,32,1,1,6,5,15,2500000,1,1,6
718604811,05,2,24,1,6,6,10,2,4e+06,1,1,3
718605111,05,2,56,1,4,6,5,39,1182000,1,1,23
718605112,05,1,37,3,4,6,5,20,1500000,2,2,
718605211,05,1,32,1,6,6,10,10,1.5e+07,1,1,9
718605311,05,1,64,1,3,6,1,49,150000,2,2,
718605411,05,1,48,1,3,6,10,26,3500000,1,1,20
718605511,05,2,26,1,2,6,5,9,1e+06,1,1,3
718605512,05,1,26,2,2,6,5,9,1e+06,2,2,
718605611,05,1,62,1,3,6,4,47,150000,2,2,
718605612,05,2,58,2,3,6,4,43,8e+05,2,2,
718605613,05,1,28,3,6,6,5,11,1500000,1,1,10
718605614,05,2,32,3,4,6,5,15,160000,2,2,
718750312,05,2,70,10,6,6,4,55,2e+06,1,2,
718750611,05,1,47,1,2,6,5,30,1e+06,1,1,20
718750612,05,2,54,2,2,6,8,34,8e+05,1,2,
718750613,05,1,25,3,6,6,8,5,1e+06,1,1,2
718750712,05,1,26,3,6,6,5,9,1e+06,1,1,7
718750811,05,1,52,1,3,6,4,37,2500000,1,1,25
718750912,05,2,45,3,5,6,4,30,750000,1,2,
718750914,05,1,21,8,6,6,8,1,1e+06,1,1,0
718751013,05,1,36,3,6,6,5,19,1e+05,1,2,
718751014,05,1,36,3,4,6,5,19,320000,2,2,
718751111,05,1,60,1,3,6,5,43,1200000,1,1,35
718751113,05,1,34,3,6,6,5,17,1100000,1,1,4
718751114,05,1,26,3,6,6,5,9,2e+05,2,2,
718751511,05,1,28,1,2,6,5,11,1e+06,1,1,98
718751512,05,2,22,2,2,6,5,5,250000,2,2,
718751611,05,2,59,1,2,6,3,44,1e+06,1,1,17
718751612,05,1,58,2,2,6,3,43,9e+05,2,2,
718751613,05,1,38,3,6,6,5,21,6e+05,2,2,
718751614,05,2,36,3,6,6,5,19,1e+06,1,1,8
718751911,05,1,46,1,3,6,5,29,1e+06,2,2,
718751912,05,2,41,2,3,6,5,24,1e+06,2,2,
718752211,05,1,51,1,3,6,3,36,2e+06,1,2,
718752311,05,1,34,1,2,6,10,12,4e+06,1,1,5
718752312,05,2,40,2,2,6,10,18,2e+06,2,2,
718752411,05,1,54,1,1,6,3,39,320000,2,2,
718752412,05,2,53,2,1,6,4,38,1060000,1,1,33
718752513,05,2,33,3,6,6,11,11,5e+06,1,1,10
718752711,05,1,45,1,3,6,3,30,8e+05,2,2,
718752811,05,1,28,1,6,6,8,8,1e+06,1,1,4
718752812,05,2,23,6,6,6,9,3,1e+06,1,1,0
718753011,05,1,51,1,6,6,10,29,8e+05,2,1,12
718753111,05,2,54,1,4,6,3,39,1e+06,1,1,18
718753112,05,1,33,3,6,6,5,16,240000,2,2,
718753211,05,1,51,1,2,6,5,34,1500000,2,1,30
718753311,05,2,66,1,6,6,3,51,1e+06,2,1,98
718753421,05,2,36,1,6,6,9,16,8e+05,1,2,
718753611,05,2,34,1,6,6,3,19,1e+06,1,2,
718753711,05,2,59,1,3,6,1,44,5e+05,1,2,
718753811,05,1,52,1,2,6,3,37,3e+05,1,2,
718753911,05,1,30,1,6,6,10,8,1e+06,1,2,
718754112,05,1,61,6,6,6,3,46,3e+05,2,2,
718754211,05,1,25,1,2,6,5,8,1e+06,1,1,4
718754212,05,2,22,2,2,6,3,7,180000,2,2,
718754311,05,1,63,1,2,6,3,48,3e+05,2,2,
718754314,05,1,22,3,6,6,5,5,1e+06,1,1,0
718754511,05,1,32,1,6,6,11,10,5e+06,1,1,7
718754611,05,2,32,1,2,6,10,10,3e+06,1,1,9
718754612,05,1,27,2,2,6,5,10,8e+05,2,2,
718754711,05,1,48,1,2,6,11,26,,1,1,22
718754811,05,1,30,1,3,6,9,10,5e+06,1,1,9
718754812,05,2,35,2,3,6,10,13,2400000,1,1,10
718754911,05,1,50,1,6,6,10,28,4040000,1,1,22
718755011,05,1,41,1,3,6,11,19,5300000,1,1,15
718755111,05,2,63,1,4,6,4,48,1100000,1,2,
718755211,05,2,51,1,6,6,10,29,3e+06,1,1,25
718755311,05,1,61,1,2,6,10,39,4700000,1,3,
718755312,05,2,54,2,2,6,11,32,4700000,1,1,29
718755411,05,1,57,1,3,6,3,42,2400000,1,1,32
718755413,05,1,32,3,6,6,9,12,1200000,1,1,12
718755414,05,2,27,3,4,6,8,7,1500000,1,1,8
718755513,05,2,35,3,6,6,8,15,1e+06,1,1,11
718755611,05,1,35,1,3,6,3,20,1e+06,1,1,13
718755711,05,1,30,1,3,6,4,15,1600000,1,1,5
718755811,05,1,43,1,6,6,5,26,1500000,1,1,20
718755911,05,2,45,1,4,6,5,28,1500000,2,2,
718755912,05,2,20,3,6,6,9,0,1650000,1,1,1
718756111,05,1,30,1,3,6,5,13,1e+06,1,1,8
718756112,05,2,29,2,3,6,9,9,1200000,1,1,9
718756211,05,1,61,1,2,6,5,44,1e+06,2,2,
718756312,05,2,71,2,3,6,3,56,1e+05,2,2,
718756314,05,1,31,3,6,6,9,11,1500000,1,1,4
718756411,05,1,33,1,2,6,6,16,2e+06,2,1,10
718756412,05,2,33,2,2,6,5,16,2e+06,2,2,
718756511,05,2,47,1,4,6,11,25,3600000,1,1,22
718756711,05,1,55,1,6,6,11,33,6e+06,2,2,
718756811,05,2,32,1,1,6,5,15,3e+05,1,2,
718756812,05,1,33,2,1,6,5,16,4e+05,2,2,
718756911,05,2,30,1,3,6,11,8,1.5e+07,1,1,10
718757011,05,2,33,1,2,5,4,18,1e+06,1,1,1
718757012,05,1,37,2,2,5,5,20,1500000,1,1,10
718757111,05,1,39,1,2,6,3,24,1e+06,1,1,20
718757115,05,1,24,6,6,6,3,9,1e+06,1,1,2
718757211,05,1,24,1,6,6,5,7,2600000,2,2,
718757311,05,1,35,1,2,6,5,18,2e+06,2,2,
718757312,05,2,35,2,2,6,8,15,1e+06,2,2,
718759911,05,1,26,1,1,6,9,6,2e+05,2,2,
718759912,05,2,26,2,1,6,10,4,1e+06,1,1,2
718760011,05,1,22,1,6,6,8,2,1450000,1,1,3
718760111,05,1,54,1,3,6,5,37,1467000,1,1,24
718760113,05,2,19,3,6,6,8,-1,1500000,2,2,
718760114,05,2,20,3,6,6,8,0,1500000,2,2,
718760211,05,1,44,1,2,6,5,27,1200000,2,2,
718760212,05,2,44,2,2,6,5,27,1e+06,1,1,10
719068111,05,1,52,1,3,6,8,32,4650000,1,1,22
719070012,05,1,61,2,3,6,10,39,6e+06,2,1,30
719070111,05,1,40,1,3,6,10,18,6e+06,1,1,18
719070112,05,2,44,2,3,6,10,22,3800000,1,1,12
719070211,05,2,27,1,6,6,11,5,5200000,1,1,4
719070311,05,2,79,1,5,6,10,57,,2,2,
719070613,05,2,21,7,2,6,4,6,280000,1,2,
719070811,05,2,49,1,4,6,8,29,8e+05,2,2,
719070912,05,2,32,3,6,6,8,12,1200000,1,1,10
719071011,05,1,63,1,3,6,5,46,3e+06,1,3,
719071012,05,2,52,2,3,6,10,30,430000,2,2,
719071013,05,2,24,3,6,6,8,4,480000,1,2,
719071111,05,2,67,1,4,6,10,45,3e+06,2,3,
719071112,05,2,28,3,6,6,10,6,1200000,1,1,1
719071113,05,2,28,3,6,6,10,6,1800000,1,1,1
719071211,05,2,24,1,6,6,5,7,2e+06,2,2,
719071511,05,1,35,1,3,6,9,15,2500000,1,1,18
719071512,05,2,34,2,3,6,10,12,1500000,2,2,
719071711,05,1,50,1,2,6,5,33,1e+06,1,1,28
719071712,05,2,37,2,2,6,8,17,80000,1,2,
719071811,05,1,37,1,3,6,12,15,8500000,2,1,15
719071812,05,2,39,2,3,6,10,17,2200000,2,1,10
719071911,05,1,52,1,3,6,12,30,8e+06,1,1,25
719071912,05,2,53,2,3,6,11,31,8600000,1,1,34
719072011,05,1,61,1,4,6,11,39,3.5e+07,2,3,
719072311,05,1,22,1,4,6,5,5,1500000,1,1,1
719072611,05,2,54,1,4,6,4,39,60000,2,2,
719072612,05,1,31,3,6,6,8,11,1800000,1,1,12
719072711,05,1,64,1,3,6,4,49,260000,1,2,
719072911,05,1,34,1,6,6,10,12,4e+06,1,1,11
719073011,05,2,40,1,2,6,10,18,4e+06,1,1,16
719073012,05,1,46,2,2,6,8,26,8e+05,2,1,20
719073112,05,2,55,3,6,6,11,33,3300000,1,1,30
719073211,05,2,41,1,3,6,11,19,2300000,1,1,15
719073212,05,1,47,2,3,6,8,27,2500000,2,1,20
719073311,05,2,37,1,3,6,11,15,2900000,1,1,15
719073312,05,1,37,2,3,6,9,17,5700000,1,1,15
719073411,05,1,27,1,2,6,5,10,1320000,1,2,
719073412,05,2,31,2,2,6,5,14,2e+05,2,2,
719156711,05,1,27,1,2,6,5,10,1180000,1,2,
719156712,05,2,25,2,2,6,5,8,1200000,1,2,
719156811,05,1,36,1,3,6,8,16,1200000,2,2,
719156911,05,1,71,1,3,6,3,56,3e+05,2,2,
719157112,05,1,42,2,2,6,5,25,2e+05,1,2,
719157211,05,1,25,1,6,6,5,8,1400000,1,1,4
719157311,05,2,65,1,6,6,3,50,5e+05,2,2,
719157411,05,1,57,1,6,6,3,42,250000,2,2,
719157613,05,2,37,10,6,6,3,22,1300000,1,1,98
719157711,05,1,32,1,3,6,10,10,1e+06,1,2,
719157712,05,2,26,2,3,6,10,4,,2,2,
719157811,05,1,38,1,3,6,10,16,5e+06,2,1,14
719157812,05,2,38,2,3,6,10,16,2500000,1,1,15
719158011,05,2,31,1,6,6,10,9,1e+06,1,1,7
719158111,05,2,30,1,6,5,10,8,180000,1,2,
719158311,05,1,31,1,2,6,8,11,1200000,1,1,10
719158312,05,2,29,2,2,6,8,9,1700000,1,1,6
719158411,05,2,24,1,2,6,5,7,9e+05,2,2,
719158412,05,1,22,2,2,6,5,5,1200000,1,1,4
719158511,05,1,32,1,4,6,10,10,2500000,1,1,14
719158612,05,1,61,2,3,6,4,46,4e+06,2,2,
719158711,05,1,33,1,6,6,10,11,2e+06,1,1,3
719158811,05,2,46,1,6,6,10,24,1200000,1,1,10
719158812,05,2,30,9,6,6,10,8,1800000,1,1,7
719158913,05,2,63,3,4,6,4,48,150000,2,2,
719159211,05,2,33,1,6,5,6,16,5e+05,1,2,
719159311,05,1,39,1,2,6,10,17,3500000,1,1,20
719159411,05,1,47,1,2,5,5,30,1e+06,1,1,18
719159412,05,2,48,2,2,6,5,31,6e+05,2,2,
719159511,05,2,66,1,4,6,3,51,420000,1,2,
719159612,05,1,48,3,6,6,4,33,1117170,1,1,9
719159613,05,2,31,3,6,6,5,14,1500000,1,1,9
719159711,05,1,55,1,3,6,5,38,1500000,1,1,8
719159811,05,2,50,1,6,6,8,30,1500000,2,2,
719159812,05,2,23,3,6,6,5,6,1e+06,2,2,
719159814,05,2,67,9,6,6,5,50,8e+05,1,2,
719159911,05,2,28,1,2,6,9,8,1500000,1,1,10
719159912,05,1,41,2,2,6,5,24,8e+05,2,2,
719160011,05,2,67,1,4,6,4,52,560000,1,2,
719160012,05,1,31,3,4,5,9,11,2300000,1,1,12
719160111,05,1,56,1,3,6,3,41,8e+05,2,2,
719160211,05,2,27,1,4,6,9,7,1400000,1,1,5
719160311,05,2,47,1,4,6,5,30,1e+06,1,1,26
719160312,05,1,27,3,6,6,5,10,9e+05,2,2,
719160411,05,2,42,1,6,6,10,20,1800000,1,1,10
719160511,05,1,41,1,2,6,10,19,1e+06,1,1,4
719160611,05,1,49,1,3,6,5,32,2e+06,1,1,20
719160612,05,2,46,2,3,6,3,31,1e+06,1,1,4
719160711,05,2,45,1,4,5,4,30,1e+06,1,1,2
719160712,05,1,23,3,6,5,5,6,9e+05,1,2,
719160911,05,2,42,1,6,6,8,22,1600000,1,1,12
719161011,05,2,38,1,4,6,5,21,2200000,2,2,
719161111,05,2,44,1,3,6,9,24,2300000,1,1,18
719161112,05,1,44,2,3,6,8,24,7e+06,2,1,25
719161213,05,1,47,3,6,6,3,32,1e+05,1,3,
719161214,05,1,20,8,6,6,5,3,1100000,1,1,1
719161312,05,1,66,13,4,6,3,51,1e+05,2,3,
719161411,05,1,31,1,2,6,5,14,1e+06,2,1,9
719161412,05,2,27,2,2,6,10,5,1800000,1,1,4
719161511,05,1,76,1,2,6,3,61,5e+05,2,2,
719161512,05,2,61,2,2,6,5,44,3e+05,2,2,
719161513,05,2,21,3,6,6,8,1,4e+05,2,2,
719161611,05,1,28,1,6,6,5,11,2e+06,1,2,
719161911,05,2,35,1,6,6,9,15,1e+06,1,1,0
719162113,05,2,57,6,4,6,9,37,450000,2,2,
719162211,05,2,29,1,4,6,5,12,4e+05,2,2,
719162311,05,1,29,1,2,6,5,12,1e+06,1,2,
719162312,05,2,24,2,2,6,8,4,1250000,1,2,
719162611,05,1,41,1,2,6,5,24,1500000,2,1,23
719162612,05,2,39,2,2,6,5,22,1e+06,2,1,15
719162711,05,1,45,1,3,6,9,25,1e+06,2,1,12
719162812,05,1,37,3,6,6,10,15,5e+06,1,1,10
719162911,05,2,65,1,4,6,5,48,3e+05,2,2,
719162913,05,1,25,3,6,6,6,8,9e+06,1,1,2
719163011,05,2,52,1,3,6,8,32,6390000,1,1,34
719163012,05,1,59,2,3,6,8,39,2500000,1,1,37
719163111,05,2,33,1,6,6,5,16,1300000,2,2,
719163112,05,2,15,3,6,6,4,0,,2,2,
719163312,05,1,36,3,6,6,10,14,4300000,1,1,15
719163314,05,2,40,13,6,6,5,23,1075000,1,1,9
719163411,05,1,45,1,2,6,8,25,1e+06,1,2,
719163412,05,2,43,2,2,6,5,26,1e+06,1,1,7
719163511,05,2,57,1,3,6,5,40,1e+05,2,2,
719163512,05,1,61,2,3,6,3,46,1e+06,1,1,27
719163514,05,2,23,3,6,6,5,6,1200000,1,2,
719163611,05,2,29,1,4,6,9,9,1750000,1,1,6
719163613,05,1,27,3,6,6,10,5,1100000,1,1,2
719163711,05,1,61,1,3,6,3,46,1e+06,1,1,30
7191637110,05,1,38,3,4,6,4,23,1e+06,1,2,
719163712,05,2,58,2,3,6,3,43,2e+05,2,2,
719163713,05,2,26,3,3,6,5,9,1e+06,1,1,7
719163714,05,1,28,7,3,6,9,8,1e+06,1,1,9
719163717,05,2,39,3,4,6,5,22,1e+06,1,1,13
719163813,05,1,24,8,6,6,9,4,4e+05,2,2,
719163814,05,1,24,8,6,6,9,4,1216000,1,1,5
719163815,05,2,31,8,2,6,9,11,1700000,1,1,3
719163911,05,2,52,1,6,6,4,37,1e+06,1,1,10
719163912,05,2,30,3,6,6,8,10,2e+06,1,1,5
719164011,05,1,39,1,2,6,5,22,1500000,1,2,
719164111,05,1,62,1,2,6,3,47,1e+06,1,1,25
719164113,05,1,27,3,6,6,3,12,1e+05,2,2,
719164114,05,2,25,3,6,6,5,8,1e+06,1,1,0
719164211,05,2,52,1,3,6,5,35,1e+06,1,1,14
719164212,05,1,54,2,3,6,3,39,1100000,1,1,34
719164311,05,1,44,1,4,6,5,27,1e+06,1,1,21
719164412,05,1,29,3,2,6,5,12,1155000,1,1,7
719164414,05,1,20,8,6,6,5,3,1e+06,1,1,1
719164511,05,1,39,1,2,6,9,19,1300000,1,1,3
719164512,05,2,35,2,2,6,5,18,1100000,1,2,
719164611,05,2,42,1,4,6,8,22,0,2,2,
719164711,05,2,37,1,2,6,5,20,1e+06,1,1,5
719164712,05,1,49,2,2,6,3,34,7e+05,2,2,
719164716,05,1,64,4,4,6,4,49,350000,2,2,
719164811,05,2,49,1,6,6,5,32,1200000,1,1,20
719164911,05,1,55,1,2,6,1,40,1e+06,1,1,12
719165011,05,1,31,1,2,6,6,14,1280000,1,2,
719165211,05,2,73,1,6,6,3,58,660000,1,2,
719165312,05,1,73,2,3,6,3,58,6e+05,2,2,
719165313,05,1,41,3,6,6,5,24,1e+06,1,1,10
719165314,05,2,38,3,6,6,9,18,1500000,1,1,22
719165411,05,1,62,1,3,6,3,47,1e+06,2,3,
719165413,05,2,25,3,6,6,8,5,2e+06,1,1,0
719165511,05,1,41,1,2,6,5,24,4e+05,2,2,
719165512,05,2,29,2,2,6,5,12,1e+06,1,1,1
719165611,05,1,28,1,2,6,5,11,1e+06,1,1,10
719165612,05,2,28,2,2,6,9,8,1236000,1,1,4
719165711,05,2,83,1,5,6,4,68,75000,2,3,
719165811,05,1,32,1,3,6,8,12,1900000,1,1,14
719165812,05,2,33,2,3,6,8,13,1400000,1,1,5
719165912,05,2,32,3,3,6,5,15,0,2,2,
719165914,05,1,28,3,6,6,10,6,2600000,1,1,5
719166011,05,2,56,1,4,6,8,36,2050000,1,1,35
719166112,05,2,48,3,6,6,10,26,3300000,1,1,20
719166113,05,2,47,3,6,6,10,25,4200000,1,1,15
719166114,05,1,39,3,6,6,9,19,1200000,1,1,5
719166312,05,2,44,2,3,6,5,27,7e+05,2,2,
719166313,05,2,21,3,6,6,10,-1,1427000,1,1,0
719166411,05,1,67,1,4,6,4,52,450000,2,2,
719166511,05,1,57,1,4,6,4,42,3e+05,2,2,
719166611,05,2,48,1,4,6,10,26,5e+06,2,2,
719166711,05,1,28,1,6,6,8,8,7e+05,1,2,
719166912,05,1,61,2,3,6,11,39,9500000,1,1,30
719166913,05,2,25,3,6,6,10,3,3500000,2,2,
719166914,05,2,23,3,6,6,1,8,5e+05,2,2,
719167011,05,2,32,1,3,6,5,15,1e+06,1,1,2
719167012,05,1,31,2,3,6,5,14,1020000,1,1,10
719334911,05,2,61,1,6,6,9,41,,1,1,25
719334914,05,2,61,10,3,6,3,46,1700000,1,1,25
719335011,05,1,57,1,5,6,6,40,8e+05,2,3,
719335012,05,2,20,3,2,6,5,3,,2,1,1
719335013,05,1,25,7,2,6,4,10,,2,1,3
719335211,05,2,45,1,4,5,10,23,1800000,1,1,7
719335311,05,1,70,1,4,6,3,55,1e+05,2,2,
719335511,05,1,56,1,2,5,9,36,1600000,1,1,35
719335513,05,2,28,3,6,6,10,6,2050000,1,1,9
719335611,05,1,36,1,2,6,8,16,2150000,1,2,
719335612,05,2,28,2,2,6,8,8,1e+06,1,2,
719335616,05,1,31,6,6,6,5,14,2e+06,1,2,
719335912,05,2,21,3,4,6,5,4,1e+06,1,1,3
719336011,05,1,59,1,3,6,8,39,1300000,1,1,20
719336012,05,2,56,2,3,6,5,39,3e+05,2,2,
719336013,05,2,26,3,6,6,10,4,5100000,1,1,2
719336111,05,1,32,1,2,6,9,12,1e+06,1,1,8
719336112,05,2,33,2,2,6,8,13,1500000,1,1,6
719336211,05,1,56,1,2,6,4,41,1e+05,2,2,
719336411,05,2,24,1,6,6,10,2,3e+06,1,1,3
719336412,05,2,44,4,4,6,3,29,1200000,1,1,5
719336511,05,1,38,1,6,6,11,16,1.2e+07,2,1,14
719336611,05,1,63,1,6,6,5,46,1e+06,2,3,
719336711,05,1,65,1,2,6,3,50,1e+06,2,2,
719336911,05,1,42,1,6,6,3,27,1e+06,1,1,4
719337011,05,2,48,1,5,6,5,31,8e+05,1,2,
719337111,05,2,62,1,4,6,10,40,1e+06,1,1,22
719337112,05,1,33,3,2,6,5,16,1e+06,1,1,7
719337113,05,2,37,9,2,6,5,20,170000,2,2,
719337211,05,2,44,1,6,6,8,24,5e+05,2,2,
719337411,05,1,49,1,2,6,3,34,1e+06,1,1,17
719337611,05,1,54,1,4,6,10,32,1e+06,2,2,
719337711,05,1,29,1,2,6,5,12,1500000,2,2,
719337712,05,2,26,2,2,6,5,9,1500000,2,2,
719338013,05,1,45,3,6,6,5,28,1e+06,1,1,98
719338111,05,1,52,1,2,6,8,32,1200000,1,1,10
719338112,05,2,51,2,2,6,4,36,1200000,1,1,14
719338311,05,2,64,1,4,6,5,47,5e+05,1,2,
719338312,05,1,55,6,6,6,3,40,3e+05,2,2,
719338411,05,1,56,1,3,6,5,39,1e+06,1,1,20
719338413,05,2,33,3,6,6,5,16,1e+06,1,1,4
719338511,05,2,43,1,2,6,5,26,1e+06,1,2,
719338512,05,1,41,2,2,6,5,24,0,2,1,19
719338513,05,1,18,3,6,6,5,1,,2,2,
719338611,05,2,28,1,2,6,11,6,3e+06,1,1,5
719338612,05,1,27,2,2,6,5,10,1300000,1,1,4
719338712,05,1,64,2,3,6,4,49,2e+05,2,2,
719338713,05,1,31,3,6,6,9,11,1400000,1,1,13
719338811,05,2,59,1,6,6,4,44,8e+05,2,2,
719338821,05,1,33,1,2,6,3,18,1450000,1,1,3
719338822,05,2,25,2,2,6,8,5,140000,1,2,
719338831,05,1,38,1,3,6,5,21,1365000,1,1,2
719338832,05,2,39,2,3,6,10,17,4e+05,1,2,
719338841,05,1,38,1,3,6,3,23,1370000,1,1,2
719338852,05,1,24,3,6,6,4,9,1620000,1,2,
719338861,05,1,34,1,6,6,3,19,1268000,1,1,4
719338871,05,2,33,1,4,6,8,13,1432000,1,1,3
719338911,05,2,36,1,2,6,5,19,70000,2,2,
719338912,05,1,37,2,2,6,3,22,1e+06,1,1,0
719338915,05,1,18,3,1,6,5,1,1e+06,1,1,0
719339011,05,1,57,1,3,6,4,42,8e+05,1,2,
719339015,05,1,22,3,6,6,4,7,130000,2,2,
719339111,05,1,43,1,2,6,8,23,1e+06,1,1,22
719339112,05,2,42,2,2,6,5,25,1e+06,1,1,20
719339211,05,2,31,1,2,6,5,14,1e+06,1,1,3
719339411,05,1,46,1,3,6,4,31,1e+06,1,1,1
719339412,05,2,42,2,3,6,5,25,1e+06,1,2,
719339413,05,2,19,3,6,6,5,2,2e+05,2,2,
719339512,05,1,36,3,3,6,5,19,1327000,1,1,2
719339513,05,2,36,7,3,6,9,16,1e+06,1,1,0
719339611,05,2,45,1,2,5,3,30,70000,2,2,
719339612,05,1,41,2,2,5,4,26,1e+06,1,1,17
719339713,05,2,29,3,6,6,10,7,1800000,1,1,5
719339811,05,2,26,1,6,6,5,9,1100000,1,1,1
719339812,05,2,20,6,6,6,5,3,1100000,1,1,1
719339911,05,2,59,1,4,6,4,44,6e+05,2,2,
719339912,05,2,36,3,6,6,10,14,1700000,1,1,14
719339913,05,1,34,3,2,6,10,12,1800000,1,1,16
719340211,05,2,49,1,4,6,9,29,7e+05,2,2,
719340311,05,2,53,1,4,6,8,33,7e+05,1,2,
719340411,05,2,24,1,1,6,5,7,1e+06,1,1,0
719340511,05,1,53,1,6,6,5,36,1e+06,2,1,25
719340611,05,1,34,1,2,6,5,17,1600000,1,1,14
719340612,05,2,24,2,2,6,5,7,650000,2,2,
719340711,05,2,23,1,6,6,5,6,1e+06,1,1,2
719340812,05,1,33,2,1,6,4,18,1200000,2,2,
719340813,05,1,22,3,6,6,4,7,1150000,1,2,
719341011,05,2,37,1,6,6,10,15,6500000,1,1,11
719341111,05,1,43,1,2,6,10,21,3e+06,1,2,
719341112,05,2,24,2,2,6,10,2,2e+05,2,2,
719341211,05,2,43,1,6,6,4,28,750000,2,2,
719341311,05,2,24,1,2,6,10,2,3700000,1,1,5
719341312,05,1,31,2,2,6,4,16,1800000,2,1,15
719341511,05,1,59,1,2,6,13,37,6.6e+07,2,2,
719341911,05,2,47,1,6,6,11,25,1.2e+07,1,1,21
719342111,05,2,42,1,2,6,10,20,8e+06,1,1,20
719342112,05,1,63,2,2,6,5,46,8e+06,1,1,20
719342311,05,2,24,1,2,6,5,7,1117172,1,1,4
719342312,05,1,27,2,2,6,5,10,1400000,1,1,5
719342711,05,1,43,1,4,6,10,21,1680000,1,1,18
719611411,05,1,40,1,3,6,12,18,9e+06,1,1,10
719611412,05,2,58,2,3,6,10,36,1.8e+07,1,1,20
719611414,05,2,59,10,6,6,1,44,1800000,1,1,26
719612211,05,2,39,1,6,6,4,24,1e+06,1,1,5
719612212,05,2,20,3,6,6,6,3,1240000,1,2,
719612311,05,1,36,1,3,6,5,19,1500000,2,2,
719612312,05,2,37,2,3,6,5,20,1500000,2,2,
719612313,05,2,18,3,6,6,5,1,1e+06,1,1,0
719612412,05,1,23,3,6,6,5,6,1e+06,1,1,4
719612413,05,2,21,3,6,6,5,4,1e+06,1,1,0
719612511,05,2,67,1,6,6,3,52,40000,2,2,
719612611,05,1,55,1,3,6,5,38,250000,2,1,27
719613011,05,2,64,1,4,6,5,47,80000,2,2,
719613012,05,1,37,3,6,6,9,17,1500000,2,2,
719613112,05,2,46,2,3,6,5,29,5e+05,2,2,
719613113,05,1,27,3,6,6,8,7,1300000,1,1,2
719613211,05,1,57,1,2,6,8,37,1e+06,1,2,
719613411,05,1,34,1,3,6,10,12,1.4e+07,1,1,9
719613511,05,2,28,1,2,6,10,6,5e+06,1,1,5
719613512,05,1,30,2,2,6,10,8,4e+06,1,1,9
719613611,05,2,57,1,3,6,4,42,5e+05,2,2,
719613612,05,1,65,2,3,6,3,50,1600000,2,2,
719613613,05,1,35,3,6,6,4,20,1e+06,2,2,
719613614,05,1,23,3,6,6,8,3,1250000,1,1,3
719613711,05,1,32,1,3,6,9,12,3700000,2,2,
719613712,05,2,31,2,3,6,9,11,1300000,1,1,3
719613912,05,1,46,3,3,6,5,29,1100000,1,1,20
719614011,05,1,39,1,2,6,5,22,1377000,1,1,4
719614017,05,1,19,9,2,6,4,4,1350000,1,1,1
719614018,05,2,23,9,2,6,5,6,1e+06,1,1,0
719614111,05,2,48,1,4,6,5,31,8e+05,1,2,
719614211,05,1,32,1,2,5,10,10,1e+06,1,1,5
719614212,05,2,26,2,2,6,9,6,1050000,1,1,8
719614311,05,1,31,1,4,6,10,9,4e+06,1,1,7
719614411,05,1,45,1,2,6,5,28,2e+06,2,2,
719614412,05,2,32,2,2,6,5,15,1e+06,1,2,
719614511,05,2,28,1,6,6,12,6,3600000,1,1,7
719614611,05,1,24,1,6,6,10,2,3e+06,2,2,
719614711,05,2,53,1,6,6,12,31,9750000,1,1,20
719614811,05,1,35,1,3,6,10,13,2220000,1,1,8
719722311,05,1,39,1,6,6,5,22,1e+06,1,1,21
719722413,05,1,46,9,4,6,4,31,1500000,1,1,5
719722611,05,1,41,1,2,6,8,21,1e+06,1,1,15
719722612,05,2,37,2,2,6,8,17,1e+06,1,1,0
719722711,05,2,70,1,5,6,5,53,1e+05,1,2,
719722712,05,1,52,3,4,6,5,35,560000,2,1,18
719722714,05,1,36,3,6,6,4,21,1e+06,1,2,
719722715,05,1,32,3,6,6,5,15,1400000,1,1,98
719722811,05,1,56,1,4,6,3,41,640000,2,2,
719722911,05,2,54,1,4,6,4,39,250000,1,2,
719723011,05,1,35,1,6,6,10,13,1e+06,1,1,20
719723211,05,2,45,1,2,6,3,30,1e+06,1,1,3
719723212,05,1,53,2,2,6,3,38,1e+06,1,1,9
719723311,05,2,25,1,6,6,5,8,1020000,1,1,1
719723411,05,1,53,1,3,6,12,31,4300000,1,1,11
719723412,05,2,53,2,3,6,8,33,0,2,2,
719723511,05,2,47,1,4,6,3,32,520000,2,2,
719723512,05,2,23,9,6,6,4,8,720000,1,2,
719723611,05,1,25,1,1,6,5,8,1100000,1,1,1
719723612,05,2,21,2,1,6,3,6,1400000,1,2,
719723815,05,2,26,7,2,6,5,9,380000,2,2,
719723911,05,2,33,1,4,6,5,16,1200000,1,1,8
719723914,05,2,53,10,6,6,3,38,220000,1,2,
719724012,05,1,31,3,6,6,4,16,50000,2,2,
719724111,05,1,41,1,3,6,5,24,1300000,1,1,12
719724211,05,2,77,1,6,6,3,62,160000,1,3,
719724411,05,1,57,1,2,6,5,40,0,2,2,
719724511,05,2,47,1,3,6,9,27,1700000,1,1,26
719724512,05,1,25,3,6,6,10,3,1500000,2,1,12
719724611,05,1,48,1,3,6,5,31,1500000,1,2,
719724612,05,2,33,2,3,6,5,16,1600000,1,1,15
719724711,05,1,47,1,2,6,5,30,1e+06,2,2,
719724712,05,2,41,2,2,6,5,24,5e+05,2,2,
719725011,05,2,47,1,4,6,9,27,1e+06,1,1,6
719725012,05,1,24,3,6,6,10,2,720000,1,2,
719725111,05,1,24,1,2,6,10,2,2e+06,1,1,3
719725112,05,2,21,2,2,6,10,-1,1e+06,1,1,2
719725212,05,2,33,3,6,6,9,13,1478000,1,1,13
719725311,05,1,29,1,1,6,10,7,1300000,1,2,
719725312,05,2,27,2,1,6,10,5,530000,1,2,
719725412,05,2,42,3,6,6,8,22,3100000,1,1,15
719725511,05,1,43,1,3,5,4,28,1e+06,1,1,13
719725512,05,2,44,2,3,5,5,27,80000,2,2,
719725513,05,1,18,3,6,5,5,1,150000,1,2,
719725612,05,1,54,3,6,6,3,39,4e+05,2,2,
719725614,05,2,49,3,5,6,10,27,1e+06,1,1,24
719725713,05,2,37,3,6,6,8,17,1350000,1,1,8
719725715,05,1,28,3,6,6,9,8,2e+06,1,1,9
719725911,05,2,51,1,5,6,5,34,1e+06,1,1,14
719725912,05,2,25,3,6,6,8,5,1200000,1,1,0
719726012,05,1,33,3,6,6,5,16,1e+06,1,1,13
719726212,05,1,46,3,6,6,4,31,1e+05,2,2,
719726213,05,2,45,3,6,6,4,30,2e+05,2,2,
719726311,05,1,55,1,3,6,5,38,1e+06,1,1,25
719726411,05,2,53,1,3,6,5,36,0,2,3,
719726412,05,2,32,3,6,6,5,15,1600000,1,1,13
719726512,05,2,60,2,3,6,8,40,1e+06,1,1,20
719726711,05,1,34,1,6,6,9,14,1400000,1,1,13
719726812,05,1,38,3,6,6,5,21,3600000,1,1,18
719726911,05,2,25,1,6,6,9,5,1e+06,1,1,1
719727012,05,1,31,3,6,6,10,9,2350000,1,1,7
719727111,05,1,68,1,4,6,3,53,150000,2,3,
719727211,05,2,39,1,2,6,5,22,1400000,1,1,16
719727212,05,1,44,2,2,6,5,27,6e+05,2,2,
719727213,05,2,18,3,6,6,8,-2,3e+05,2,2,
719727311,05,2,57,1,2,6,9,37,1700000,2,2,
719727411,05,2,35,1,6,6,5,18,5e+05,1,2,
719727511,05,2,29,1,6,6,10,7,1500000,1,1,5
719727613,05,2,41,3,2,6,9,21,1200000,1,1,18
719727614,05,1,41,7,2,6,9,21,1200000,1,1,20
719727711,05,1,40,1,2,6,5,23,2100000,1,1,20
719727713,05,1,21,3,6,6,8,1,1e+06,1,1,24
719727714,05,2,19,3,6,6,9,-1,250000,1,2,
719727811,05,2,42,1,3,6,13,20,1e+06,1,1,10
719727812,05,1,53,2,3,6,5,36,1e+06,1,1,25
719727911,05,2,35,1,6,6,10,13,2500000,1,1,10
719727912,05,1,31,6,6,6,10,9,4e+06,2,1,8
719728011,05,1,44,1,3,6,3,29,950000,2,2,
719728111,05,1,58,1,3,6,3,43,1240000,1,1,34
719728211,05,2,44,1,6,6,8,24,6e+05,2,2,
719728412,05,1,54,2,3,6,10,32,4800000,1,1,10
719728513,05,1,19,3,6,6,5,2,1507172,1,1,1
719728611,05,1,49,1,2,6,5,32,3e+06,1,2,
719728613,05,2,19,3,6,6,5,2,2e+06,1,2,
719728711,05,1,40,1,6,6,5,23,2e+06,2,1,19
719728812,05,2,59,2,3,6,5,42,66000,1,2,
719728813,05,2,27,3,6,6,8,7,320000,1,2,
719729011,05,1,24,1,2,6,9,4,1300000,1,1,2
719729111,05,1,38,1,1,6,5,21,1e+06,1,1,15
719729112,05,2,37,2,1,6,5,20,1e+06,1,1,11
719729211,05,2,74,1,6,6,3,59,60000,2,2,
719729212,05,2,43,3,6,6,9,23,1e+06,1,1,22
719729311,05,2,54,1,5,6,8,34,1420000,1,1,24
719729312,05,2,26,3,6,6,10,4,3e+06,1,1,2
719729411,05,1,58,1,2,6,4,43,1200000,2,2,
719729412,05,2,54,2,2,6,3,39,1080000,1,1,20
719729511,05,2,41,1,3,6,13,19,4e+06,1,1,8
719729512,05,1,41,2,3,6,12,19,4800000,1,1,11
719729611,05,2,37,1,6,6,5,20,1200000,1,1,14
719729612,05,1,20,3,6,6,3,5,40000,2,2,
719729616,05,1,29,9,6,6,5,12,1e+06,1,1,7
719729711,05,2,47,1,3,5,10,25,1200000,1,1,18
719729811,05,2,32,1,4,5,10,10,2800000,1,1,10
719729911,05,2,40,1,4,6,8,20,1600000,1,1,15
719730211,05,2,38,1,4,6,5,21,8e+05,1,2,
719730311,05,1,41,1,2,6,5,24,1400000,1,1,19
719730312,05,2,33,2,2,6,10,11,2200000,1,1,1
719730413,05,2,41,3,6,6,3,26,2e+05,2,2,
719730611,05,1,67,1,3,6,3,52,1e+06,1,1,18
719730711,05,1,43,1,1,6,3,28,1200000,1,1,6
719730712,05,2,41,2,1,6,5,24,160000,2,2,
719730811,05,1,53,1,2,6,4,38,2400000,2,2,
719730813,05,1,18,3,6,6,4,3,1400000,1,2,
719730911,05,1,52,1,2,6,4,37,1e+06,1,1,10
719731011,05,2,44,1,4,6,5,27,1250000,1,1,3
719731012,05,1,22,3,1,6,4,7,1014000,1,2,
719731013,05,2,19,7,1,6,4,4,1e+06,1,1,0
719731111,05,2,23,1,6,6,5,6,1e+06,1,1,2
719731211,05,2,25,1,2,6,9,5,2300000,1,1,6
719731212,05,1,29,2,2,6,10,7,2800000,2,2,
719731313,05,1,50,8,4,6,4,35,1117172,1,1,5
719731411,05,2,38,1,6,6,4,23,1425000,1,1,7
719731511,05,1,21,1,2,6,8,1,1e+06,1,1,2
719731611,05,2,25,1,2,6,8,5,1e+06,1,1,1
719731711,05,1,36,1,6,6,12,14,6100000,1,1,12
719731712,05,1,46,6,6,6,9,26,5e+06,1,1,25
719731811,05,1,63,1,3,6,10,41,4e+06,1,1,30
719731813,05,1,24,3,6,6,5,7,6e+06,1,1,3
719731911,05,2,51,1,3,6,10,29,5e+06,1,1,20
719731912,05,1,55,2,3,6,9,35,1800000,2,2,
719732011,05,1,53,1,3,6,3,38,1e+06,2,2,
719732012,05,2,50,2,3,6,9,30,2e+06,1,1,35
719732112,05,1,56,2,3,6,9,36,4e+06,1,1,32
719732211,05,1,48,1,3,6,8,28,1e+06,1,1,23
719732212,05,2,47,2,3,6,8,27,1e+06,1,1,14
719732213,05,1,27,3,6,6,9,7,1e+06,1,1,4
719732214,05,2,22,3,6,6,8,2,1e+06,1,1,2
719732511,05,2,32,1,6,6,9,12,1500000,1,1,10
719732615,05,1,40,13,6,6,5,23,3e+05,2,2,
719732711,05,1,34,1,6,6,5,17,1360000,1,1,12
719732811,05,1,37,1,6,6,9,17,578000,2,1,10
719732911,05,2,20,1,6,6,10,-2,1e+06,1,1,1
719733111,05,1,49,1,3,6,11,27,1.1e+07,1,1,26
719733311,05,2,64,1,5,6,3,49,1300000,2,2,
719733312,05,1,25,3,6,6,10,3,2600000,1,1,2
719733411,05,2,64,1,5,6,10,42,4e+06,2,1,5
719733511,05,2,43,1,2,6,10,21,6e+06,2,1,18
719733512,05,1,29,2,2,6,9,9,2300000,1,1,8
719733711,05,2,36,1,2,6,10,14,3500000,1,1,14
719733712,05,1,63,2,2,6,11,41,1.8e+07,2,2,
719733811,05,1,20,1,6,6,5,3,1100000,1,2,
719733812,05,1,20,6,6,6,5,3,1100000,1,2,
719733911,05,1,44,1,2,6,11,22,1e+06,1,1,15
719733912,05,2,42,2,2,6,11,20,1e+06,1,1,20
719935011,05,1,41,1,3,6,9,21,1400000,1,1,19
719935012,05,2,24,2,3,6,9,4,2300000,2,2,
719935111,05,1,44,1,2,6,11,22,2e+06,2,1,8
719935112,05,2,34,2,2,6,11,12,2200000,1,1,10
719935211,05,1,19,1,6,6,5,2,8e+05,1,2,
719935511,05,1,48,1,3,6,5,31,1400000,1,1,20
719935512,05,2,48,2,3,6,5,31,1100000,1,1,20
719935513,05,2,23,3,6,6,8,3,1300000,1,1,5
719937311,05,2,62,1,2,6,3,47,120000,1,2,
719937312,05,1,71,2,2,6,3,56,6e+05,2,2,
719937313,05,1,30,3,6,6,10,8,850000,2,2,
7199375111,05,2,49,3,4,6,4,34,50000,2,2,
7199375112,05,2,32,8,4,6,5,15,120000,2,2,
719937513,05,1,56,3,4,6,4,41,150000,2,2,
719937515,05,1,21,8,6,6,5,4,1e+05,1,2,
719937516,05,2,54,3,2,6,4,39,88000,2,2,
719937517,05,1,47,7,2,6,3,32,1e+06,1,2,
719937518,05,1,36,8,6,6,4,21,8e+05,1,2,
719937519,05,1,30,8,6,6,5,13,1e+06,1,2,
719937611,05,1,26,1,2,5,5,9,1080000,1,1,3
719937612,05,2,25,2,2,5,5,8,1600000,1,1,8
719937614,05,1,20,6,6,5,5,3,1e+06,1,1,0
719937711,05,1,25,1,6,6,5,8,1200000,1,1,2
719937814,05,2,53,3,6,5,5,36,1200000,1,1,20
719937815,05,2,51,3,6,5,9,31,1600000,1,1,22
719937816,05,2,49,3,6,5,12,27,1200000,1,1,16
719937818,05,2,57,3,4,5,5,40,40000,1,2,
719937819,05,2,24,8,6,5,9,4,1e+06,1,1,1
719937911,05,1,32,1,2,6,5,15,1200000,2,2,
719938312,05,1,44,2,2,6,5,27,1725000,1,1,16
719938313,05,2,29,3,3,6,8,9,1900000,1,1,8
719938314,05,1,32,7,3,6,10,10,3500000,1,1,9
719938511,05,1,60,1,3,6,5,43,8e+05,2,2,
719938512,05,2,59,2,3,6,5,42,4e+05,2,2,
719938513,05,1,29,3,6,6,5,12,1500000,2,2,
719938514,05,1,22,3,6,6,9,2,1300000,1,1,6
719938611,05,1,75,1,3,6,3,60,160000,2,3,
719938614,05,2,41,3,4,6,5,24,1200000,1,1,10
719938712,05,2,42,3,6,6,5,25,7e+05,1,2,
719938716,05,1,35,3,2,6,1,20,,2,2,
719938811,05,2,40,1,1,6,4,25,1190000,1,1,8
719939011,05,1,32,1,6,6,9,12,2e+06,1,1,10
719939211,05,1,40,1,3,6,8,20,1500000,1,1,15
719939311,05,1,60,1,3,6,5,43,2e+05,2,3,
719939411,05,1,54,1,3,6,3,39,1e+06,1,1,26
719939413,05,1,33,3,6,6,11,11,2800000,1,1,9
719939511,05,1,67,1,4,6,3,52,2e+05,2,2,
719939711,05,1,59,1,3,6,4,44,7e+05,2,2,
719939811,05,2,47,1,2,6,5,30,4e+05,1,2,
719939812,05,1,42,2,2,5,1,27,6e+05,2,2,
719939813,05,2,19,3,6,6,5,2,8e+05,1,2,
719939814,05,2,15,3,6,6,4,0,150000,1,2,
719939911,05,2,44,1,3,6,9,24,165000,2,2,
719939912,05,1,47,2,3,6,4,32,1e+06,1,2,
719939913,05,2,27,3,6,6,8,7,1100000,1,1,3
719940011,05,2,39,1,5,6,4,24,380000,1,2,
719940012,05,2,21,3,6,6,8,1,920000,1,2,
719940111,05,1,32,1,2,6,5,15,1e+06,2,1,2
719940112,05,2,26,2,2,6,5,9,1200000,1,1,3
719940211,05,1,26,1,4,6,5,9,1600000,1,1,8
719940311,05,2,52,1,6,6,5,35,1500000,2,1,25
719940312,05,2,25,3,6,6,9,5,1e+05,2,1,1
719940411,05,1,56,1,3,6,3,41,5e+05,2,2,
719940412,05,2,51,2,3,6,5,34,5e+05,2,2,
719940413,05,1,26,3,6,6,10,4,1500000,1,1,5
719940414,05,1,21,3,6,6,10,-1,1800000,1,1,1
719940811,05,1,45,1,2,6,4,30,,2,1,20
719940911,05,1,26,1,6,6,5,9,1e+06,2,2,
719940921,05,1,24,1,6,6,8,4,1e+06,1,1,1
719941011,05,2,34,1,2,6,5,17,1e+06,2,2,
719941012,05,1,40,2,2,6,3,25,1200000,1,2,
719941211,05,1,33,1,2,6,5,16,1600000,1,2,
719941212,05,2,31,2,2,6,8,11,1160000,1,1,3
719941411,05,2,61,1,4,6,5,44,280000,1,2,
719941412,05,1,29,3,4,6,5,12,2e+06,2,2,
719941511,05,2,59,1,2,6,4,44,388000,1,3,
719941611,05,2,36,1,3,6,8,16,1500000,1,2,
719941612,05,1,37,2,3,6,4,22,1800000,2,2,
719941711,05,1,35,1,6,6,10,13,1400000,2,2,
719941811,05,1,46,1,3,6,6,29,3920000,2,2,
719941911,05,2,81,1,5,6,3,66,2e+05,2,2,
719941912,05,1,61,3,4,6,5,44,2e+05,2,2,
719942011,05,2,44,1,3,6,3,29,3e+05,1,2,
719942111,05,1,27,1,6,6,8,7,1200000,1,1,4
719942211,05,1,33,1,2,6,4,18,1e+06,1,1,8
719942212,05,2,27,2,2,6,9,7,1400000,1,1,3
719942311,05,2,28,1,1,6,10,6,1900000,1,1,10
719942312,05,1,32,2,1,6,8,12,6e+05,2,2,
719942411,05,1,50,1,1,6,3,35,1800000,1,1,20
719942412,05,2,52,2,1,6,5,35,540000,2,2,
719942511,05,1,45,1,2,6,4,30,1e+06,1,1,10
719942512,05,2,38,2,2,6,5,21,20000,2,2,
719942613,05,1,45,3,6,6,5,28,1600000,1,1,20
719942614,05,1,24,8,6,6,8,4,1932000,1,1,0
719942711,05,1,27,1,6,6,10,5,1100000,1,1,3
719942712,05,1,21,6,6,6,5,4,1200000,1,2,
719942811,05,2,32,1,6,6,5,15,8e+05,1,2,
719943011,05,1,53,1,3,6,10,31,3e+06,2,2,
719943012,05,2,45,2,3,6,8,25,2e+06,2,1,7
719943015,05,1,23,3,4,6,10,1,3e+05,2,2,
719943111,05,1,39,1,3,6,11,17,6800000,1,1,15
719943112,05,2,45,2,3,6,12,23,7e+06,1,1,17
719943211,05,2,54,1,4,6,5,37,1e+06,1,1,14
719943214,05,1,29,3,6,6,5,12,1300000,1,1,7
719943215,05,1,24,3,6,6,5,7,1300000,1,1,3
719943311,05,2,65,1,4,6,10,43,2e+05,2,2,
719943312,05,2,38,3,3,6,12,16,2300000,1,1,13
719943611,05,2,44,1,6,6,8,24,1200000,1,1,14
719943711,05,2,26,1,6,6,10,4,1500000,1,1,7
719943811,05,2,27,1,6,6,5,10,1650000,1,2,
719943911,05,2,28,1,6,6,8,8,1e+06,1,1,2
719944011,05,1,26,1,2,6,5,9,2700000,2,2,
719944012,05,2,24,2,2,6,5,7,7e+05,2,2,
719944111,05,1,58,1,5,6,4,43,1500000,2,2,
719944112,05,1,30,3,6,6,5,13,1200000,1,1,10
719944211,05,1,21,1,2,6,3,6,1e+06,1,1,4
719944212,05,2,18,2,2,6,5,1,7e+05,1,2,
719944311,05,1,43,1,2,6,4,28,1e+06,1,1,20
719944312,05,2,46,2,2,6,3,31,1e+06,1,2,
719944411,05,2,22,1,6,5,10,0,1200000,1,1,2
719944611,05,1,28,1,2,6,5,11,1e+06,1,1,4
719944612,05,2,25,2,2,6,5,8,1e+05,2,2,
719944711,05,1,40,1,2,6,5,23,0,2,2,
719944712,05,2,35,2,2,6,5,18,0,2,2,
719944812,05,2,23,3,6,6,8,3,1e+06,1,1,0
719944813,05,2,18,3,6,6,5,1,2e+05,2,2,
719944814,05,2,27,3,2,6,8,7,1800000,1,1,8
719944815,05,1,32,7,2,6,9,12,7e+05,2,2,
719944911,05,1,59,1,3,6,10,37,5800000,1,1,30
719944913,05,1,28,3,6,6,11,6,4200000,1,1,8
719945011,05,1,55,1,6,6,5,38,2080000,1,1,17
719945111,05,1,36,1,3,6,13,14,1.2e+07,2,1,14
719945112,05,2,38,2,3,6,12,16,1.4e+07,1,1,12
720252211,05,2,45,1,2,6,8,25,1e+05,2,2,
720252212,05,1,39,2,2,6,3,24,1e+06,1,1,3
720252411,05,1,25,1,2,6,4,10,1200000,1,2,
720252511,05,2,21,1,1,6,5,4,450000,2,2,
720252512,05,1,20,2,1,6,5,3,1e+06,2,2,
720252612,05,2,26,3,6,6,10,4,1e+06,1,1,5
720252711,05,1,36,1,3,6,8,16,1500000,2,1,12
720252911,05,1,42,1,3,6,8,22,1050000,1,1,8
720252912,05,2,45,2,3,6,10,23,1900000,1,1,25
720253011,05,2,40,1,6,6,5,23,1e+06,1,1,4
720253111,05,1,32,1,3,6,11,10,,1,1,8
720253112,05,2,31,2,3,6,11,9,,1,1,8
720253311,05,2,60,1,6,6,5,43,30000,2,3,
720253411,05,1,53,1,4,6,3,38,8e+05,2,2,
720253511,05,1,42,1,3,6,5,25,440000,2,2,
720253512,05,2,37,2,3,6,3,22,,2,2,
720253513,05,1,21,3,6,6,3,6,6e+05,2,2,
720253514,05,1,18,3,6,6,3,3,9e+05,1,2,
720253611,05,2,30,1,6,6,4,15,2e+05,2,2,
720253711,05,1,30,1,2,6,5,13,1e+06,1,1,8
720253811,05,1,35,1,2,6,9,15,1500000,1,1,15
720253911,05,1,45,1,3,6,10,23,1320000,1,1,20
720253912,05,2,42,2,3,6,9,22,50000,2,2,
720254111,05,1,32,1,1,6,5,15,5e+05,1,2,
720254113,05,1,16,3,6,6,4,1,1e+06,1,2,
720254114,05,2,35,9,6,6,3,20,135000,2,2,
720254211,05,1,77,1,2,6,3,62,,2,3,
720254212,05,2,57,2,2,6,3,42,8e+05,2,2,
720254511,05,1,53,1,4,6,11,31,5500000,1,1,31
720254711,05,2,70,1,4,6,3,55,150000,2,2,
720254712,05,1,25,3,6,6,10,3,2700000,1,1,4
720254813,05,2,23,3,6,6,8,3,1800000,1,1,5
720254911,05,2,32,1,1,6,8,12,6e+05,2,1,11
720254912,05,1,35,2,1,6,9,15,2900000,1,1,15
720255011,05,1,23,1,2,6,8,3,1e+06,1,1,1
720255012,05,2,23,2,2,6,5,6,1e+06,1,1,1
720255111,05,1,68,1,4,6,4,53,330000,2,2,
720255211,05,1,50,1,4,6,3,35,1e+06,2,2,
720392711,05,2,28,1,2,6,10,6,1800000,1,1,6
720392712,05,1,33,2,2,6,5,16,1500000,1,1,11
720392812,05,2,55,2,3,6,5,38,2200000,1,1,17
720392813,05,2,31,3,6,6,10,9,2600000,1,1,7
720392912,05,2,61,13,4,6,5,44,1300000,1,2,
720393011,05,1,40,1,4,5,5,23,4e+06,2,2,
720393111,05,1,54,1,6,6,4,39,1500000,2,2,
720393211,05,1,35,1,6,6,10,13,3400000,1,1,12
720393311,05,1,39,1,6,6,5,22,8e+05,1,2,
720393312,05,1,55,6,4,5,5,38,1200000,1,2,
720393511,05,1,28,1,6,6,4,13,4e+06,2,2,
720393613,05,2,20,3,6,6,8,0,1100000,1,1,2
720393812,05,1,52,2,1,6,3,37,1e+06,1,1,15
720393813,05,1,25,3,6,6,5,8,1e+06,1,1,6
720393921,05,1,42,1,6,6,5,25,2e+06,2,2,
720394011,05,1,48,1,2,6,5,31,1200000,1,1,5
720394013,05,1,19,3,6,6,5,2,1100000,1,1,0
720394111,05,2,26,1,6,6,10,4,2200000,1,1,7
720394112,05,2,43,4,6,6,4,28,80000,2,2,
720394211,05,1,42,1,3,6,3,27,1.1e+07,2,1,20
720394212,05,2,40,2,3,6,5,23,388000,2,2,
720394311,05,1,25,1,2,6,5,8,1117172,1,1,6
720394511,05,2,33,1,2,6,9,13,450000,2,2,
720394612,05,1,33,2,2,6,5,16,1100000,1,1,3
720394712,05,2,53,2,3,6,8,33,6e+06,1,1,20
720394811,05,2,30,1,3,6,5,13,4e+05,2,2,
720394812,05,1,30,2,3,6,5,13,1e+06,1,1,12
720394911,05,2,46,1,6,6,10,24,3300000,1,1,28
720394912,05,2,26,3,6,6,10,4,8e+05,1,1,7
720395011,05,1,30,1,6,6,11,8,5400000,1,1,8
720395013,05,1,36,11,6,6,10,14,7e+06,1,1,10
720395014,05,1,29,11,6,6,10,7,2500000,1,1,6
720395111,05,1,44,1,3,6,5,27,1600000,1,1,14
720395112,05,2,42,2,3,6,5,25,266000,1,2,
720395113,05,1,23,3,6,6,5,6,1030000,1,1,2
720395114,05,1,19,3,6,6,5,2,1030000,1,1,0
720395211,05,1,49,1,3,6,11,27,6e+06,1,1,21
720395311,05,2,31,1,6,1,8,11,1100000,1,2,
720395313,05,1,19,6,6,1,5,2,1200000,1,2,
720395411,05,2,52,1,2,6,3,37,1200000,1,1,18
720395511,05,1,49,1,2,6,4,34,1100000,1,1,20
720395512,05,2,26,2,2,6,5,9,1e+06,1,1,7
720395612,05,2,65,3,6,6,11,43,5e+06,2,1,22
720395711,05,1,35,1,2,6,5,18,1500000,2,2,
720395712,05,2,46,2,2,6,10,24,2e+06,1,1,20
720395811,05,2,35,1,3,6,10,13,1700000,1,1,15
720395812,05,1,42,2,3,6,10,20,2200000,2,2,
720395912,05,1,49,3,6,6,9,29,3e+06,1,1,20
720396012,05,2,34,2,3,6,10,12,5e+06,1,1,6
720396112,05,2,45,3,6,6,6,28,350000,2,2,
720396121,05,1,47,1,2,6,5,30,1500000,1,1,12
720396125,05,2,74,5,5,6,3,59,350000,1,2,
720396126,05,2,35,13,4,6,4,20,1800000,1,1,4
720396211,05,2,51,1,2,6,8,31,1100000,2,2,
720396212,05,1,43,2,2,6,4,28,5e+05,2,2,
720396214,05,1,22,3,6,6,4,7,2e+05,2,2,
720396411,05,2,20,1,6,6,5,3,1900000,1,2,
720396511,05,1,35,1,2,5,10,13,1320000,1,1,5
720396512,05,2,38,2,2,6,10,16,1559441,1,1,5
720396516,05,1,40,9,2,6,10,18,1e+06,2,2,
720396713,05,2,32,3,6,5,10,10,1800000,1,1,2
720396813,05,2,28,3,6,6,10,6,1600000,1,1,3
720397012,05,2,22,3,6,6,10,0,2e+06,2,2,
720397111,05,2,58,1,4,6,3,43,2e+05,1,2,
720397112,05,1,33,3,6,6,5,16,1e+06,1,2,
720397113,05,2,28,3,4,6,4,13,1e+06,1,2,
720397211,05,1,37,1,2,6,9,17,2700000,1,1,23
720397411,05,2,45,1,4,6,8,25,8e+05,1,1,4
720397512,05,1,30,3,6,6,10,8,3e+06,1,1,8
720397611,05,2,34,1,3,6,11,12,6e+06,1,1,16
720397612,05,1,37,2,3,6,5,20,1e+06,2,2,
720397711,05,1,34,1,3,6,11,12,5e+06,1,1,11
720397712,05,2,30,2,3,6,11,8,2321000,1,1,5
720397812,05,1,38,3,6,6,5,21,1e+06,1,1,6
720397911,05,2,41,1,2,6,9,21,3e+06,1,1,1
720398011,05,2,48,1,4,5,4,33,8e+05,1,2,
720398017,05,1,40,6,6,5,4,25,1500000,1,2,
720398111,05,1,59,1,3,6,11,37,6e+06,2,1,28
720398112,05,2,54,2,3,6,10,32,4500000,1,1,29
720398213,05,1,33,3,6,6,11,11,7765000,1,1,11
720398311,05,2,38,1,2,6,5,21,1e+06,1,1,2
720398312,05,1,39,2,2,6,5,22,1e+06,1,1,15
720398411,05,1,37,1,3,1,5,20,1900000,1,1,10
720398415,05,1,27,9,6,1,5,10,1117172,1,1,5
720398512,05,1,33,3,6,6,9,13,8e+06,2,1,10
720398611,05,2,69,1,5,6,4,54,3e+05,1,3,
720398711,05,1,55,1,3,6,3,40,1200000,1,1,30
720398712,05,2,58,2,3,6,5,41,1700000,2,3,
720398713,05,2,26,3,6,6,10,4,9e+05,1,1,5
720398911,05,1,51,1,2,6,5,34,3e+06,2,1,20
720398912,05,2,48,2,2,5,5,31,150000,2,2,
720399011,05,1,63,1,3,6,4,48,1e+05,2,3,
720399012,05,2,56,2,3,6,5,39,1e+05,2,2,
720399113,05,1,19,3,6,6,5,2,1117172,1,1,0
720399211,05,2,43,1,3,6,5,26,1700000,1,2,
720399213,05,2,19,3,6,6,10,-3,1e+05,2,2,
720399311,05,1,47,1,3,6,5,30,2e+06,1,1,27
720399313,05,1,26,3,6,6,8,6,1117170,1,1,7
720399411,05,1,58,1,3,6,5,41,1300000,1,1,20
720399412,05,2,54,2,3,6,5,37,,2,2,
720399413,05,1,31,3,6,6,5,14,2e+05,2,2,
720399611,05,2,28,1,2,6,5,11,40000,1,2,
720399711,05,2,31,1,2,6,5,14,1250000,1,1,4
720399712,05,1,35,2,2,6,5,18,250000,2,2,
720399811,05,2,21,1,6,6,10,-1,1100000,1,1,0
720399812,05,1,56,4,4,6,5,39,3e+05,2,2,
720399911,05,1,52,1,3,6,4,37,1117170,1,1,25
720399912,05,2,48,2,3,6,5,31,1117170,1,1,7
720399913,05,2,28,3,6,6,10,6,1900000,1,1,5
720400011,05,1,50,1,3,6,8,30,1117170,1,1,22
720400012,05,2,20,3,6,6,5,3,1e+06,1,2,
720400111,05,1,30,1,6,6,5,13,1e+06,1,1,10
720400211,05,2,49,1,6,6,10,27,130000,1,2,
720400212,05,1,56,6,6,6,8,36,1850000,1,1,32
720400213,05,1,57,6,6,6,4,42,120000,1,2,
720400214,05,1,55,6,4,6,4,40,1e+06,1,1,20
720400215,05,1,42,6,4,6,3,27,1200000,1,1,26
720400216,05,2,44,6,6,6,5,27,1060000,1,2,
720400411,05,1,33,1,2,6,10,11,,2,1,11
720400412,05,2,33,2,2,6,10,11,1e+06,1,2,
720400511,05,1,43,1,3,6,5,26,3e+06,2,2,
720400513,05,1,19,3,6,6,5,2,1400000,1,1,0
720400611,05,1,54,1,2,5,3,39,0,2,2,
720400612,05,2,46,2,2,6,11,24,3e+06,2,2,
720400811,05,2,31,1,6,6,10,9,3688000,1,1,7
720400911,05,1,24,1,2,6,5,7,4e+06,2,2,
720400912,05,2,20,2,2,6,5,3,1800000,2,2,
720401011,05,1,70,1,3,6,9,50,1020000,1,3,
720401012,05,2,59,2,3,6,9,39,1020000,1,2,
720401013,05,2,28,3,6,6,10,6,3e+06,2,1,7
720401014,05,1,26,3,6,6,9,6,4500000,2,1,4
720401111,05,1,40,1,6,6,5,23,4e+05,2,2,
720401211,05,2,70,1,3,6,3,55,2e+05,2,2,
720401311,05,1,68,1,3,6,3,53,3e+06,2,3,
720401313,05,1,35,3,6,6,5,18,1400000,1,1,12
720401314,05,2,42,3,4,6,10,20,4350000,1,1,18
720401412,05,1,27,3,6,6,5,10,1e+06,1,1,5
720401511,05,1,52,1,3,6,9,32,0,2,1,25
720401512,05,2,57,2,3,6,10,35,,2,2,
720401811,05,1,55,1,3,6,10,33,5e+06,1,1,22
720401812,05,2,35,2,3,6,10,13,1900000,1,1,8
720401911,05,2,51,1,4,6,10,29,3200000,1,1,23
720401912,05,2,28,3,6,6,10,6,3e+06,2,1,6
720402011,05,1,64,1,2,6,5,47,1e+06,1,1,36
720402111,05,1,48,1,2,6,5,31,1200000,2,2,
720402211,05,2,46,1,1,6,4,31,1500000,1,2,
720402212,05,1,37,2,1,6,5,20,1300000,2,2,
720402213,05,2,24,3,6,6,5,7,2900000,1,1,2
720402311,05,2,37,1,6,6,5,20,1117140,1,1,20
720402312,05,1,20,3,6,6,5,3,1e+06,1,1,1
720402313,05,1,46,6,3,6,5,29,1e+06,1,1,20
720402411,05,1,45,1,6,6,5,28,2e+06,2,2,
720402611,05,1,65,1,4,6,5,48,1800000,2,2,
720593514,05,1,37,3,6,6,5,20,1e+06,1,1,15
720593711,05,2,56,1,2,6,4,41,130000,2,2,
720593712,05,1,60,2,2,6,3,45,1200000,1,2,
720593713,05,1,23,3,6,6,5,6,8e+05,2,2,
720593715,05,1,21,7,1,6,4,6,1250000,1,1,2
720593811,05,1,58,1,4,6,4,43,1600000,1,2,
720593911,05,1,36,1,2,6,3,21,1200000,1,2,
720593912,05,2,33,2,2,6,5,16,660000,1,2,
720594011,05,2,50,1,4,6,5,33,1e+06,1,2,
720594111,05,2,58,1,2,6,3,43,,2,2,
720594112,05,1,51,2,2,6,4,36,8e+05,2,1,10
720594113,05,1,29,3,6,6,5,12,1e+06,1,1,8
720594211,05,1,45,1,2,6,8,25,1e+06,1,1,10
720594212,05,2,44,2,2,6,5,27,1e+06,1,1,5
720594311,05,2,38,1,4,6,5,21,6e+05,2,2,
720594411,05,2,70,1,6,6,4,55,30000,2,2,
720594412,05,1,43,3,4,6,5,26,5e+05,2,2,
720594512,05,1,37,3,4,6,5,20,3422000,1,1,17
720594611,05,2,52,1,2,6,8,32,5e+06,1,1,29
720594612,05,1,42,2,2,6,4,27,1482000,1,1,18
720594711,05,1,36,1,2,6,5,19,1500000,2,2,
720594712,05,2,30,2,2,6,5,13,,2,2,
720594811,05,1,38,1,1,6,5,21,1e+06,1,1,8
720594812,05,2,44,2,1,6,10,22,3e+06,2,1,10
720595111,05,1,59,1,3,6,5,42,840000,2,1,28
720595112,05,2,41,2,3,6,5,24,840000,2,2,
720595311,05,1,70,1,3,6,5,53,120000,2,2,
720595313,05,1,34,3,6,6,5,17,4e+05,2,2,
720595411,05,1,44,1,6,6,10,22,3500000,1,1,21
7205955111,05,1,40,8,6,6,5,23,1e+06,1,1,16
720595513,05,1,69,7,2,5,3,54,1e+06,1,2,
720595514,05,1,29,8,6,5,5,12,1e+06,1,1,5
720595517,05,2,56,3,6,5,4,41,360000,1,2,
720595518,05,1,29,8,6,6,4,14,1e+06,1,2,
720595519,05,2,35,8,6,6,4,20,1e+06,1,1,4
720595611,05,1,62,1,4,6,5,45,1200000,2,2,
720595811,05,1,73,1,3,6,4,58,6e+05,2,2,
720595813,05,1,44,3,6,6,5,27,9e+05,1,2,
720596111,05,1,50,1,2,6,3,35,1300000,1,1,20
720596112,05,2,53,2,2,6,4,38,2e+05,1,2,
720596212,05,1,42,2,1,6,5,25,5e+05,2,2,
720596311,05,1,50,1,2,6,1,35,360000,2,2,
720596411,05,2,30,1,6,6,4,15,2e+05,1,2,
720596512,05,1,45,3,6,6,5,28,8e+05,2,2,
720596711,05,1,31,1,2,6,9,11,1500000,1,1,8
720596712,05,2,34,2,2,6,5,17,1e+06,1,1,4
720596811,05,2,33,1,6,6,11,11,3100000,1,1,8
720596912,05,2,60,2,3,6,9,40,2300000,1,1,37
720596913,05,1,33,3,6,6,10,11,3e+06,1,1,5
720597211,05,1,41,1,3,6,9,21,6e+06,1,2,
720597212,05,2,42,2,3,6,8,22,3e+06,2,1,20
720597311,05,1,54,1,3,6,5,37,1500000,1,1,36
720597312,05,2,54,2,3,6,9,34,2e+06,1,1,32
720597412,05,1,37,3,6,6,3,22,6e+05,2,2,
720597511,05,2,56,1,4,6,5,39,1700000,1,1,20
720597512,05,2,28,3,1,6,9,8,1650000,1,1,3
720597513,05,1,28,7,1,6,9,8,2500000,2,1,6
720597711,05,1,43,1,2,6,5,26,1e+06,1,1,6
720597812,05,1,31,2,1,6,11,9,2500000,1,1,6
720597911,05,2,29,1,2,6,8,9,1e+06,1,1,14
720598012,05,1,37,2,2,6,3,22,960000,1,2,
720598111,05,2,57,1,5,6,4,42,1e+06,1,2,
720598313,05,2,27,3,6,6,9,7,1e+06,1,1,9
720598411,05,2,38,1,6,6,11,16,5700000,1,1,18
720598611,05,2,42,1,4,5,5,25,1200000,1,1,12
720598613,05,1,22,3,4,5,5,5,4e+05,2,2,
720598614,05,1,49,6,2,5,1,34,1e+06,1,1,8
720598811,05,2,48,1,4,6,5,31,3e+05,2,2,
720598813,05,2,28,3,4,6,9,8,1480000,1,1,8
720598911,05,2,49,1,2,6,3,34,1117170,1,1,18
720598912,05,1,49,2,2,6,9,29,1100000,1,1,20
720599011,05,1,58,1,3,6,11,36,1100000,1,1,30
720599012,05,2,54,2,3,6,10,32,5e+06,1,2,
720599013,05,1,22,3,6,6,8,2,1100000,1,1,1
720599014,05,1,19,3,6,6,8,-1,1100000,1,1,1
720599015,05,1,18,3,6,6,5,1,1100000,1,1,0
720599111,05,2,60,1,4,6,11,38,1100000,1,1,35
720599211,05,1,41,1,3,6,5,24,4e+06,1,3,
720599212,05,2,43,2,3,6,9,23,5700000,1,1,25
720599311,05,1,39,1,2,6,5,22,1200000,2,1,15
720599312,05,2,34,2,2,6,5,17,1e+06,1,1,10
720599511,05,2,30,1,2,6,5,13,7e+05,2,2,
720599512,05,2,25,2,2,6,5,8,1100000,1,2,
720599611,05,2,81,1,5,6,4,66,0,2,2,
720599711,05,2,27,1,1,6,9,7,1300000,1,1,8
720599712,05,1,29,2,1,6,5,12,1e+06,1,1,4
720599714,05,1,51,4,4,6,3,36,1200000,1,1,15
720599911,05,2,47,1,2,6,10,25,1e+06,1,1,25
720600111,05,2,36,1,6,5,8,16,1e+06,1,1,3
720600213,05,2,21,9,6,6,9,1,1e+06,1,1,2
720600311,05,1,43,1,2,6,5,26,1e+06,1,2,
720600312,05,2,30,2,2,6,5,13,320000,1,1,6
720600411,05,1,33,1,2,6,5,16,2e+06,2,2,
720600412,05,2,39,2,2,6,9,19,2e+06,1,1,18
720600613,05,1,31,9,6,6,5,14,1e+06,1,1,0
720600712,05,2,29,3,6,6,10,7,4800000,1,1,5
720600811,05,1,63,1,4,6,5,46,1e+06,2,3,
720600812,05,1,28,3,6,6,8,8,1e+06,1,1,2
720600813,05,1,19,9,6,6,5,2,1e+06,2,2,
720600911,05,2,34,1,6,6,9,14,8e+05,2,2,
720600915,05,2,56,4,4,6,5,39,1200000,1,2,
720601011,05,2,53,1,4,6,9,33,1e+06,1,1,9
720601012,05,2,28,3,6,6,10,6,1e+06,1,1,5
720601111,05,1,31,1,2,1,3,16,1500000,2,2,
720601112,05,2,28,2,2,1,4,13,1500000,2,2,
720601211,05,1,33,1,2,6,5,16,6e+06,2,2,
720601311,05,2,49,1,5,6,4,34,1e+06,1,1,3
720601312,05,1,18,3,6,6,5,1,1e+06,1,1,0
720601313,05,1,17,3,6,6,4,2,1e+06,1,1,0
720601411,05,1,64,1,6,6,1,49,19000,2,2,
720601511,05,2,36,1,2,6,5,19,8e+05,1,1,14
720601512,05,1,44,2,2,6,5,27,1e+06,1,1,20
720601711,05,1,26,1,2,6,10,4,1680000,1,1,1
720601712,05,2,25,2,2,6,5,8,1680000,1,1,1
720601811,05,2,30,1,6,6,5,13,1e+06,1,2,
720601812,05,1,28,6,6,6,4,13,8e+05,2,2,
720602111,05,2,37,1,2,6,5,20,1200000,2,2,
720602313,05,2,56,3,4,6,10,34,1500000,1,1,31
720602411,05,1,57,1,3,6,10,35,3e+06,2,1,23
720602511,05,1,37,1,6,6,12,15,5e+06,1,1,15
720602611,05,1,36,1,4,6,10,14,4e+06,1,1,12
720602711,05,2,47,1,3,6,10,25,3e+06,1,1,18
720602712,05,1,57,2,3,6,9,37,2500000,1,1,22
720922412,05,1,27,3,6,6,5,10,6e+06,2,1,10
720922511,05,2,47,1,6,6,5,30,1900000,1,2,
720922611,05,2,59,1,2,6,3,44,2e+05,2,2,
720922811,05,1,22,1,1,6,12,0,5500000,1,1,1
720922812,05,2,23,2,1,6,10,1,2650000,1,1,0
720922911,05,2,54,1,6,6,5,37,1700000,1,1,10
720922912,05,1,29,3,6,6,10,7,3e+05,2,2,
720923111,05,1,56,1,4,6,3,41,1e+06,2,2,
720923211,05,1,38,1,2,6,9,18,,2,1,20
720923212,05,2,40,2,2,6,9,20,2e+06,1,1,22
720923311,05,1,33,1,3,6,5,16,1100000,1,1,8
720923411,05,1,39,1,6,5,5,22,1350000,1,1,7
720923511,05,1,43,1,3,6,10,21,7e+06,1,1,16
720923512,05,2,43,2,3,6,11,21,3500000,1,1,22
720923611,05,2,47,1,4,6,9,27,5e+05,2,2,
720923612,05,1,20,3,6,6,5,3,1500000,2,2,
720923711,05,1,46,1,3,6,9,26,1e+06,2,1,26
720923712,05,2,49,2,3,6,5,32,1e+06,1,1,26
721237011,05,1,63,1,3,6,11,41,7e+06,1,1,21
721237012,05,2,58,2,3,6,11,36,3e+06,1,3,
721237013,05,2,28,3,4,6,10,6,5032000,1,1,4
721237112,05,2,41,3,6,6,10,19,1200000,1,1,0
721237211,05,2,41,1,6,6,8,21,1500000,1,1,13
721237311,05,2,31,1,6,6,8,11,4e+06,1,1,5
721237611,05,1,50,1,3,6,10,28,1.3e+07,1,1,26
721237612,05,2,47,2,3,6,10,25,4e+06,1,1,20
721237711,05,2,51,1,3,6,10,29,2e+06,1,1,15
721237712,05,1,54,2,3,6,10,32,1e+07,1,1,30
721237715,05,2,50,10,6,6,3,35,1200000,1,1,10
721237812,05,1,42,3,2,6,5,25,1800000,1,1,23
721237813,05,2,40,7,2,6,5,23,6e+05,2,2,
721237814,05,1,30,9,6,6,8,10,1e+06,1,1,11
721238111,05,1,36,1,2,6,5,19,1e+06,1,1,20
721238211,05,1,30,1,6,6,9,10,2600000,1,1,7
721238212,05,1,35,6,6,6,5,18,1300000,1,1,14
721238311,05,1,57,1,2,6,12,35,4950000,1,3,
721238312,05,2,40,2,2,6,8,20,2700000,1,1,10
721238611,05,1,35,1,2,6,9,15,1700000,1,1,12
721238711,05,2,23,1,1,6,10,1,2500000,1,1,1
721238712,05,1,24,2,1,6,10,2,2e+06,2,2,
721238813,05,2,42,3,6,6,10,20,3500000,1,1,17
721238814,05,2,46,3,6,6,10,24,1900000,1,1,18
721238911,05,1,48,1,3,6,8,28,2e+06,2,1,7
721238912,05,2,42,2,3,6,5,25,0,2,1,7
721239011,05,1,55,1,3,6,11,33,5500000,1,1,30
721239012,05,2,57,2,3,6,12,35,5400000,1,1,23
721239013,05,1,25,3,6,6,10,3,2800000,1,1,2
721239113,05,1,22,3,6,6,5,5,1100000,1,1,2
721239211,05,2,38,1,4,6,5,21,1100000,1,1,15
721239212,05,2,20,3,6,6,8,0,1100000,1,1,0
721239311,05,1,57,1,4,6,3,42,1300000,2,2,
721239312,05,1,32,3,6,6,5,15,1.1e+07,2,2,
721239313,05,1,30,3,6,6,8,10,1100000,2,2,
721239314,05,2,34,3,6,6,5,17,1100000,1,1,12
721239511,05,1,54,1,4,6,3,39,1117172,1,1,20
721239711,05,1,41,1,4,6,10,19,7e+05,2,1,4
721239811,05,2,35,1,6,6,5,18,1e+06,1,1,3
721240011,05,1,52,1,4,6,12,30,4e+06,1,1,12
721240112,05,2,56,6,6,6,9,36,1460000,1,1,21
721240113,05,1,53,6,6,6,3,38,1500000,2,2,
721240212,05,2,40,3,6,6,8,20,1e+06,1,1,10
721240213,05,1,30,8,6,6,4,15,1200000,1,1,9
721240311,05,1,44,1,6,6,6,27,1400000,1,1,21
721240411,05,1,42,1,3,6,5,25,1400000,1,1,12
721240611,05,1,59,1,3,6,5,42,9e+05,2,1,20
721240612,05,2,65,2,3,6,9,45,2e+05,2,3,
721240712,05,2,34,3,4,6,5,17,1e+06,1,1,9
721240716,05,2,32,3,6,6,8,12,1e+06,1,1,10
721240718,05,2,28,3,6,6,5,11,1e+06,1,1,72
721240911,05,2,61,1,4,6,3,46,350000,2,2,
721241111,05,2,29,1,2,6,9,9,1560000,1,1,7
721241112,05,1,30,2,2,6,9,10,3e+06,2,1,10
721241113,05,1,66,4,5,6,3,51,2e+06,2,3,
721241211,05,1,69,1,2,6,5,52,1e+06,1,3,
721241212,05,2,61,2,2,6,5,44,1200000,1,2,
721241312,05,1,48,3,4,6,3,33,1e+06,1,2,
721241411,05,1,46,1,3,6,11,24,1.2e+07,1,1,18
721241414,05,2,41,10,6,6,4,26,2e+06,1,1,5
721241511,05,2,70,1,5,6,10,48,4e+06,1,1,4
721241512,05,2,33,3,6,6,12,11,4697624,2,1,11
721241611,05,1,61,1,3,6,12,39,1.4e+07,1,1,26
721241613,05,1,25,3,6,6,10,3,3e+06,1,1,2
721241615,05,2,36,10,6,6,5,19,1900000,1,1,11
721241711,05,1,48,1,4,6,4,33,1200000,1,1,28
721242017,05,2,48,10,3,6,4,33,2e+06,1,2,
721242018,05,2,15,10,6,6,3,0,1400000,1,2,
721242111,05,1,44,1,3,6,10,22,6e+06,2,1,10
721242112,05,2,40,2,3,6,10,18,6800000,1,1,8
721242511,05,1,79,1,3,6,5,62,750000,2,2,
721242512,05,2,75,2,3,6,4,60,750000,2,2,
721242513,05,2,55,3,5,6,9,35,3e+06,2,1,6
721242711,05,2,46,1,2,6,4,31,1e+06,2,2,
721242712,05,1,59,2,2,5,3,44,2e+06,1,1,25
721242911,05,1,39,1,3,5,5,22,3e+06,2,1,0
721243011,05,2,46,1,4,6,10,24,0,2,1,18
721243113,05,2,57,6,3,6,4,42,1e+06,1,1,7
721243114,05,1,50,9,3,6,5,33,1e+06,1,1,15
721243612,05,2,30,3,6,6,10,8,8e+05,1,1,5
721243811,05,2,51,1,4,6,5,34,1e+06,1,1,25
721243911,05,1,62,1,3,6,10,40,4e+06,1,3,
721243913,05,2,29,3,6,6,10,7,4e+06,1,1,5
721243914,05,1,25,3,6,6,10,3,4e+06,1,1,4
721244111,05,1,45,1,3,6,5,28,2e+06,1,1,18
721244112,05,2,41,2,3,6,5,24,1e+06,2,1,7
721244113,05,2,21,3,6,6,8,1,1e+05,2,2,
721244311,05,2,73,1,5,6,1,58,1e+05,2,3,
721244312,05,1,39,3,6,6,5,22,6e+05,1,2,
721244411,05,1,35,1,6,6,5,18,6500000,1,1,8
721244511,05,1,68,1,2,6,5,51,1600000,2,2,
721244512,05,2,41,2,2,6,12,19,1e+07,1,1,12
721244611,05,1,37,1,6,6,12,15,6e+06,1,1,16
721244711,05,1,46,1,3,6,5,29,1e+06,1,1,23
721244712,05,2,41,2,3,6,5,24,0,2,2,
721244811,05,1,61,1,2,6,5,44,1300000,1,1,30
721245011,05,2,29,1,6,6,10,7,9e+05,2,2,
721245111,05,1,33,1,2,6,3,18,1500000,2,1,7
721245211,05,2,53,1,6,6,8,33,1e+06,1,1,18
721245212,05,2,28,3,6,6,10,6,5100000,1,1,9
721245313,05,1,49,3,6,6,9,29,1600000,1,1,21
721245314,05,2,52,3,3,6,9,32,1748000,1,1,24
721245315,05,1,57,7,3,6,10,35,5500000,1,1,24
721245413,05,1,20,3,6,6,5,3,1200000,1,1,1
721245421,05,1,76,1,6,6,3,61,4e+05,2,2,
721245511,05,2,45,1,2,6,5,28,1e+06,1,1,15
721245512,05,1,54,2,2,6,8,34,1500000,2,2,
721245611,05,1,21,1,6,6,5,4,1e+06,1,1,2
721245712,05,1,56,13,4,6,8,36,1800000,1,3,
721245811,05,2,40,1,4,6,4,25,120000,2,2,
721245912,05,2,28,3,1,6,10,6,1800000,1,1,10
721245913,05,1,32,7,1,6,9,12,2200000,1,1,13
721246011,05,1,59,1,2,6,3,44,1400000,1,1,26
721246111,05,1,62,1,2,6,3,47,1200000,1,1,20
721246211,05,1,57,1,2,6,3,42,1e+06,1,1,30
721246212,05,2,54,2,2,6,5,37,1117172,1,1,12
721246311,05,1,30,1,2,6,9,10,1120000,1,1,8
721246411,05,1,48,1,3,6,10,26,3500000,2,2,
721246412,05,2,47,2,3,6,9,27,2e+06,2,2,
721246511,05,1,42,1,3,6,5,25,1660000,1,1,14
721246512,05,2,39,2,3,6,10,17,2130000,1,1,12
721246515,05,2,64,5,4,6,4,49,1200000,1,2,
721246611,05,1,51,1,4,6,5,34,1320000,1,1,28
721246711,05,1,53,1,2,6,8,33,1700000,1,1,22
721246712,05,2,46,2,2,6,5,29,1700000,1,2,
721246811,05,1,24,1,1,5,5,7,1200000,2,2,
721246812,05,2,25,2,1,6,10,3,1300000,2,2,
721247112,05,2,38,3,6,6,4,23,1e+06,1,1,16
721247211,05,2,40,1,6,6,5,23,1e+06,1,1,15
721247311,05,1,31,1,2,6,4,16,7e+05,2,2,
721247411,05,1,28,1,6,6,9,8,1e+06,1,1,8
721247511,05,1,27,1,2,6,4,12,1e+06,1,1,4
721247512,05,2,26,2,2,6,5,9,1e+06,1,1,2
721247611,05,1,23,1,2,6,5,6,1e+06,1,1,3
721247811,05,1,25,1,2,6,5,8,1e+06,1,1,7
721248011,05,1,38,1,2,6,3,23,1e+06,1,1,20
721248012,05,2,38,2,2,6,8,18,432000,1,2,
721248212,05,1,42,3,6,6,9,22,5e+05,2,2,
721248413,05,1,39,3,6,6,5,22,1e+06,1,1,14
721248513,05,2,34,3,6,6,1,19,1e+05,2,2,
721248521,05,2,26,1,6,6,9,6,1200000,1,1,8
721248611,05,2,46,1,2,5,4,31,1180000,1,1,12
721248612,05,1,51,2,2,5,3,36,1200000,1,2,
721248613,05,1,23,3,6,5,4,8,1e+06,1,1,2
721248614,05,2,24,3,1,5,8,4,5e+05,2,2,
721248615,05,1,23,7,1,5,8,3,1120000,1,1,3
721248712,05,2,52,2,3,6,3,37,792000,1,2,
721248713,05,2,33,3,6,6,8,13,940000,1,2,
721248714,05,1,25,3,6,6,5,8,1200000,1,1,4
721248811,05,2,50,1,2,6,3,35,1e+06,1,1,12
721248911,05,1,35,1,6,6,5,18,1e+06,1,1,15
721249011,05,2,29,1,6,6,5,12,1080000,1,1,10
721249111,05,1,41,1,6,6,5,24,1200000,1,1,20
721249211,05,2,53,1,4,6,4,38,6e+05,2,2,
721249212,05,1,21,3,6,6,5,4,1e+06,1,1,0
721249213,05,2,19,3,6,6,5,2,1e+06,1,1,0
721249311,05,1,65,1,6,6,3,50,180000,2,2,
721249513,05,2,27,3,6,6,10,5,2200000,1,1,2
721249611,05,2,33,1,3,6,11,11,3500000,1,1,7
721249711,05,1,59,1,2,6,5,42,7e+05,2,2,
721249712,05,2,50,2,2,6,5,33,320000,1,2,
721249911,05,2,47,1,2,6,4,32,70000,2,2,
721249912,05,2,35,2,2,6,4,20,70000,2,2,
721249913,05,1,16,13,6,6,3,1,,2,2,
721250011,05,2,66,1,3,6,3,51,120000,1,2,
721250013,05,1,42,3,4,6,3,27,1e+05,2,2,
721250111,05,1,55,1,4,6,8,35,1e+06,2,2,
721250211,05,2,58,1,2,6,3,43,280000,2,2,
721250212,05,1,54,2,2,6,3,39,1e+06,1,2,
721250411,05,2,29,1,5,6,4,14,1e+06,1,2,
721250511,05,1,22,1,2,6,5,5,1800000,1,2,
721250611,05,2,25,1,6,6,8,5,1500000,1,1,4
721250711,05,2,28,1,3,6,9,8,1e+06,1,1,8
721250712,05,1,37,2,3,6,9,17,1600000,1,1,17
721250811,05,2,70,1,5,6,3,55,2e+05,2,2,
721250812,05,1,37,3,2,6,4,22,3e+05,2,2,
721250912,05,1,43,2,2,6,3,28,1300000,2,2,
721251011,05,1,57,1,3,6,3,42,1100000,2,1,4
721251013,05,1,28,3,6,6,5,11,1700000,2,2,
721251111,05,1,28,1,4,6,4,13,1500000,2,2,
721251311,05,2,64,1,5,6,1,49,1200000,1,1,23
721251312,05,2,19,8,6,6,4,4,1346000,1,1,0
721251411,05,1,58,1,3,6,4,43,150000,2,3,
721251512,05,2,62,2,3,6,3,47,30000,2,2,
721251611,05,1,45,1,3,6,5,28,1e+06,2,2,
721251712,05,1,49,3,4,6,4,34,150000,2,2,
721251811,05,2,40,1,1,6,5,23,1e+06,1,1,12
721251812,05,1,30,2,1,6,5,13,1e+06,1,1,13
721251813,05,2,20,3,6,6,8,0,1e+06,1,1,1
721252011,05,1,28,1,6,6,8,8,1e+06,1,1,8
721252111,05,1,38,1,3,6,6,21,1e+06,1,1,15
721252211,05,2,60,1,6,6,1,45,350000,2,2,
721252313,05,2,33,7,2,6,10,11,1800000,1,1,6
721252411,05,1,55,1,4,6,12,33,3e+06,2,2,
721252511,05,1,61,1,3,6,10,39,1e+07,1,1,18
721252611,05,1,28,1,1,6,5,11,1150000,1,1,8
721252612,05,2,30,2,1,6,9,10,1500000,1,1,7
721252711,05,1,28,1,6,6,12,6,5e+06,1,1,4
721252811,05,1,35,1,2,6,3,20,1e+06,1,2,
721252812,05,2,35,2,2,6,5,18,1e+06,1,2,
721253111,05,1,44,1,3,6,5,27,1400000,1,1,13
721253112,05,2,38,2,3,6,10,16,1600000,1,2,
721253113,05,1,18,3,6,6,10,-4,8e+05,1,2,
721253212,05,1,28,2,2,6,8,8,1200000,1,1,7
721253311,05,1,27,1,2,6,5,10,1400000,1,1,7
721253411,05,1,48,1,2,6,5,31,1300000,1,1,30
721253413,05,1,19,3,6,6,4,4,1300000,1,1,0
721253511,05,2,26,1,2,6,5,9,1e+06,1,1,2
721253512,05,1,29,2,2,6,5,12,850000,2,2,
721253611,05,2,49,1,2,6,3,34,1e+06,1,1,4
721253613,05,1,21,3,6,6,3,6,1440000,1,2,
721253711,05,1,67,1,3,6,5,50,2e+06,2,3,
721253713,05,1,42,3,6,6,6,25,2e+06,1,1,19
721253714,05,2,44,3,4,6,5,27,1e+06,1,1,19
721253716,05,2,35,3,3,6,5,18,1200000,1,2,
721253717,05,1,38,7,3,6,5,21,1117172,1,1,20
721253811,05,2,60,1,6,6,10,38,1e+06,2,3,
721253911,05,2,45,1,6,6,10,23,1600000,2,2,
721254011,05,1,32,1,1,6,10,10,7500000,1,1,12
721254012,05,2,29,2,1,6,9,9,2500000,1,1,8
721254111,05,1,61,1,3,6,10,39,3e+06,2,2,
721254211,05,1,21,1,6,6,10,-1,720000,1,1,0
721254311,05,2,50,1,2,5,3,35,680000,2,2,
721254312,05,1,56,2,2,5,3,41,1e+06,1,1,20
721254313,05,1,27,3,6,5,4,12,1e+06,1,1,6
721254314,05,2,23,3,6,5,9,3,1e+06,1,1,0
721254411,05,1,56,1,2,6,6,39,3e+05,2,2,
721254412,05,1,32,3,1,6,6,15,4e+05,2,2,
721254511,05,2,50,1,4,6,3,35,980000,1,1,6
721254512,05,1,22,3,6,5,9,2,3500000,1,1,3
721254514,05,2,32,3,3,6,5,15,120000,1,2,
721254515,05,1,31,7,3,6,4,16,1200000,1,1,8
721254711,05,2,59,1,2,6,10,37,5e+06,2,1,21
721254712,05,1,65,2,2,6,10,43,5e+06,2,2,
721254811,05,2,62,1,6,6,3,47,480000,1,2,
721254812,05,1,24,3,6,6,1,9,1e+06,1,2,
721254913,05,1,51,3,6,6,3,36,1500000,1,1,98
721254914,05,1,42,3,6,6,5,25,1800000,1,1,20
721254915,05,1,63,3,4,6,5,46,1e+06,2,3,
721254916,05,2,38,8,4,6,12,16,1500000,1,1,20
721255011,05,1,62,1,3,6,4,47,1400000,1,1,44
721255012,05,2,55,2,3,6,5,38,3e+05,1,1,19
721255013,05,1,34,3,6,6,5,17,2200000,2,2,
721255111,05,2,63,1,6,6,1,48,860000,1,1,20
721255211,05,1,31,1,2,6,9,11,3e+06,1,1,9
721255212,05,2,29,2,2,6,9,9,2e+06,1,2,
721255311,05,2,41,1,4,6,10,19,1500000,2,2,
721255312,05,2,19,3,6,6,10,-3,240000,1,2,
721255411,05,2,39,1,2,6,5,22,1150000,1,1,19
721255412,05,1,49,2,2,6,5,32,1300000,1,1,32
721255413,05,1,19,3,6,6,5,2,1117172,1,1,0
721255512,05,1,49,3,6,6,4,34,80000,2,2,
721255513,05,1,45,3,6,6,4,30,1e+06,1,2,
721255611,05,1,47,1,6,6,5,30,1200000,1,1,15
721255711,05,2,23,1,6,6,5,6,1e+06,1,1,5
721255911,05,1,32,1,2,6,4,17,1300000,2,2,
721256111,05,1,54,1,2,6,4,39,2e+06,2,2,
721256112,05,2,54,2,2,6,4,39,2500000,2,1,20
721256211,05,1,43,1,2,6,9,23,1450000,1,1,23
721256411,05,1,30,1,6,6,8,10,1500000,2,1,10
721256511,05,1,37,1,4,6,5,20,1e+06,2,2,
721256611,05,2,44,1,4,6,5,27,1e+06,1,1,8
721256612,05,1,25,3,6,6,10,3,1700000,1,1,3
721256613,05,2,23,3,6,6,9,3,1e+06,1,1,1
721256811,05,1,28,1,2,6,5,11,1e+06,1,1,3
721256812,05,2,32,2,2,6,5,15,1e+06,1,1,4
721256911,05,2,31,1,3,6,10,9,2e+06,1,1,6
721256912,05,1,35,2,3,6,10,13,2e+06,1,1,10
721257111,05,2,43,1,4,6,5,26,1400000,1,1,4
721257211,05,2,52,1,6,6,8,32,1e+06,1,1,1
721257313,05,2,56,3,6,6,5,39,50000,2,2,
721257314,05,2,49,3,6,6,9,29,1e+06,1,1,10
721257315,05,2,58,3,5,6,5,41,60000,2,2,
721509411,05,2,36,1,5,6,9,16,4e+05,2,2,
721529711,05,2,48,1,2,6,5,31,1e+06,1,1,28
721529712,05,1,46,2,2,6,5,29,1800000,2,2,
721529713,05,2,20,3,6,6,5,3,1e+06,1,1,0
721529813,05,1,52,3,6,6,10,30,2e+06,1,1,23
721529815,05,2,46,3,4,6,5,29,1e+06,1,1,15
721529817,05,1,43,3,4,6,10,21,1400000,1,1,18
